[
    {
        "model": "auth.permission",
        "pk": 1,
        "fields": {
            "name": "Can add log entry",
            "content_type": 1,
            "codename": "add_logentry"
        }
    },
    {
        "model": "auth.permission",
        "pk": 2,
        "fields": {
            "name": "Can change log entry",
            "content_type": 1,
            "codename": "change_logentry"
        }
    },
    {
        "model": "auth.permission",
        "pk": 3,
        "fields": {
            "name": "Can delete log entry",
            "content_type": 1,
            "codename": "delete_logentry"
        }
    },
    {
        "model": "auth.permission",
        "pk": 4,
        "fields": {
            "name": "Can view log entry",
            "content_type": 1,
            "codename": "view_logentry"
        }
    },
    {
        "model": "auth.permission",
        "pk": 5,
        "fields": {
            "name": "Can add permission",
            "content_type": 2,
            "codename": "add_permission"
        }
    },
    {
        "model": "auth.permission",
        "pk": 6,
        "fields": {
            "name": "Can change permission",
            "content_type": 2,
            "codename": "change_permission"
        }
    },
    {
        "model": "auth.permission",
        "pk": 7,
        "fields": {
            "name": "Can delete permission",
            "content_type": 2,
            "codename": "delete_permission"
        }
    },
    {
        "model": "auth.permission",
        "pk": 8,
        "fields": {
            "name": "Can view permission",
            "content_type": 2,
            "codename": "view_permission"
        }
    },
    {
        "model": "auth.permission",
        "pk": 9,
        "fields": {
            "name": "Can add group",
            "content_type": 3,
            "codename": "add_group"
        }
    },
    {
        "model": "auth.permission",
        "pk": 10,
        "fields": {
            "name": "Can change group",
            "content_type": 3,
            "codename": "change_group"
        }
    },
    {
        "model": "auth.permission",
        "pk": 11,
        "fields": {
            "name": "Can delete group",
            "content_type": 3,
            "codename": "delete_group"
        }
    },
    {
        "model": "auth.permission",
        "pk": 12,
        "fields": {
            "name": "Can view group",
            "content_type": 3,
            "codename": "view_group"
        }
    },
    {
        "model": "auth.permission",
        "pk": 13,
        "fields": {
            "name": "Can add content type",
            "content_type": 4,
            "codename": "add_contenttype"
        }
    },
    {
        "model": "auth.permission",
        "pk": 14,
        "fields": {
            "name": "Can change content type",
            "content_type": 4,
            "codename": "change_contenttype"
        }
    },
    {
        "model": "auth.permission",
        "pk": 15,
        "fields": {
            "name": "Can delete content type",
            "content_type": 4,
            "codename": "delete_contenttype"
        }
    },
    {
        "model": "auth.permission",
        "pk": 16,
        "fields": {
            "name": "Can view content type",
            "content_type": 4,
            "codename": "view_contenttype"
        }
    },
    {
        "model": "auth.permission",
        "pk": 17,
        "fields": {
            "name": "Can add session",
            "content_type": 5,
            "codename": "add_session"
        }
    },
    {
        "model": "auth.permission",
        "pk": 18,
        "fields": {
            "name": "Can change session",
            "content_type": 5,
            "codename": "change_session"
        }
    },
    {
        "model": "auth.permission",
        "pk": 19,
        "fields": {
            "name": "Can delete session",
            "content_type": 5,
            "codename": "delete_session"
        }
    },
    {
        "model": "auth.permission",
        "pk": 20,
        "fields": {
            "name": "Can view session",
            "content_type": 5,
            "codename": "view_session"
        }
    },
    {
        "model": "auth.permission",
        "pk": 21,
        "fields": {
            "name": "Can add Token",
            "content_type": 6,
            "codename": "add_token"
        }
    },
    {
        "model": "auth.permission",
        "pk": 22,
        "fields": {
            "name": "Can change Token",
            "content_type": 6,
            "codename": "change_token"
        }
    },
    {
        "model": "auth.permission",
        "pk": 23,
        "fields": {
            "name": "Can delete Token",
            "content_type": 6,
            "codename": "delete_token"
        }
    },
    {
        "model": "auth.permission",
        "pk": 24,
        "fields": {
            "name": "Can view Token",
            "content_type": 6,
            "codename": "view_token"
        }
    },
    {
        "model": "auth.permission",
        "pk": 25,
        "fields": {
            "name": "Can add Token",
            "content_type": 7,
            "codename": "add_tokenproxy"
        }
    },
    {
        "model": "auth.permission",
        "pk": 26,
        "fields": {
            "name": "Can change Token",
            "content_type": 7,
            "codename": "change_tokenproxy"
        }
    },
    {
        "model": "auth.permission",
        "pk": 27,
        "fields": {
            "name": "Can delete Token",
            "content_type": 7,
            "codename": "delete_tokenproxy"
        }
    },
    {
        "model": "auth.permission",
        "pk": 28,
        "fields": {
            "name": "Can view Token",
            "content_type": 7,
            "codename": "view_tokenproxy"
        }
    },
    {
        "model": "auth.permission",
        "pk": 29,
        "fields": {
            "name": "Can add user",
            "content_type": 8,
            "codename": "add_user"
        }
    },
    {
        "model": "auth.permission",
        "pk": 30,
        "fields": {
            "name": "Can change user",
            "content_type": 8,
            "codename": "change_user"
        }
    },
    {
        "model": "auth.permission",
        "pk": 31,
        "fields": {
            "name": "Can delete user",
            "content_type": 8,
            "codename": "delete_user"
        }
    },
    {
        "model": "auth.permission",
        "pk": 32,
        "fields": {
            "name": "Can view user",
            "content_type": 8,
            "codename": "view_user"
        }
    },
    {
        "model": "auth.permission",
        "pk": 33,
        "fields": {
            "name": "Can add employee_ user",
            "content_type": 9,
            "codename": "add_employee_user"
        }
    },
    {
        "model": "auth.permission",
        "pk": 34,
        "fields": {
            "name": "Can change employee_ user",
            "content_type": 9,
            "codename": "change_employee_user"
        }
    },
    {
        "model": "auth.permission",
        "pk": 35,
        "fields": {
            "name": "Can delete employee_ user",
            "content_type": 9,
            "codename": "delete_employee_user"
        }
    },
    {
        "model": "auth.permission",
        "pk": 36,
        "fields": {
            "name": "Can view employee_ user",
            "content_type": 9,
            "codename": "view_employee_user"
        }
    },
    {
        "model": "auth.permission",
        "pk": 37,
        "fields": {
            "name": "Can add attribute",
            "content_type": 10,
            "codename": "add_attribute"
        }
    },
    {
        "model": "auth.permission",
        "pk": 38,
        "fields": {
            "name": "Can change attribute",
            "content_type": 10,
            "codename": "change_attribute"
        }
    },
    {
        "model": "auth.permission",
        "pk": 39,
        "fields": {
            "name": "Can delete attribute",
            "content_type": 10,
            "codename": "delete_attribute"
        }
    },
    {
        "model": "auth.permission",
        "pk": 40,
        "fields": {
            "name": "Can view attribute",
            "content_type": 10,
            "codename": "view_attribute"
        }
    },
    {
        "model": "auth.permission",
        "pk": 41,
        "fields": {
            "name": "Can add unit",
            "content_type": 11,
            "codename": "add_unit"
        }
    },
    {
        "model": "auth.permission",
        "pk": 42,
        "fields": {
            "name": "Can change unit",
            "content_type": 11,
            "codename": "change_unit"
        }
    },
    {
        "model": "auth.permission",
        "pk": 43,
        "fields": {
            "name": "Can delete unit",
            "content_type": 11,
            "codename": "delete_unit"
        }
    },
    {
        "model": "auth.permission",
        "pk": 44,
        "fields": {
            "name": "Can view unit",
            "content_type": 11,
            "codename": "view_unit"
        }
    },
    {
        "model": "auth.permission",
        "pk": 45,
        "fields": {
            "name": "Can add category",
            "content_type": 12,
            "codename": "add_category"
        }
    },
    {
        "model": "auth.permission",
        "pk": 46,
        "fields": {
            "name": "Can change category",
            "content_type": 12,
            "codename": "change_category"
        }
    },
    {
        "model": "auth.permission",
        "pk": 47,
        "fields": {
            "name": "Can delete category",
            "content_type": 12,
            "codename": "delete_category"
        }
    },
    {
        "model": "auth.permission",
        "pk": 48,
        "fields": {
            "name": "Can view category",
            "content_type": 12,
            "codename": "view_category"
        }
    },
    {
        "model": "auth.permission",
        "pk": 49,
        "fields": {
            "name": "Can add category_ attribute",
            "content_type": 13,
            "codename": "add_category_attribute"
        }
    },
    {
        "model": "auth.permission",
        "pk": 50,
        "fields": {
            "name": "Can change category_ attribute",
            "content_type": 13,
            "codename": "change_category_attribute"
        }
    },
    {
        "model": "auth.permission",
        "pk": 51,
        "fields": {
            "name": "Can delete category_ attribute",
            "content_type": 13,
            "codename": "delete_category_attribute"
        }
    },
    {
        "model": "auth.permission",
        "pk": 52,
        "fields": {
            "name": "Can view category_ attribute",
            "content_type": 13,
            "codename": "view_category_attribute"
        }
    },
    {
        "model": "auth.permission",
        "pk": 53,
        "fields": {
            "name": "Can add option",
            "content_type": 14,
            "codename": "add_option"
        }
    },
    {
        "model": "auth.permission",
        "pk": 54,
        "fields": {
            "name": "Can change option",
            "content_type": 14,
            "codename": "change_option"
        }
    },
    {
        "model": "auth.permission",
        "pk": 55,
        "fields": {
            "name": "Can delete option",
            "content_type": 14,
            "codename": "delete_option"
        }
    },
    {
        "model": "auth.permission",
        "pk": 56,
        "fields": {
            "name": "Can view option",
            "content_type": 14,
            "codename": "view_option"
        }
    },
    {
        "model": "auth.permission",
        "pk": 57,
        "fields": {
            "name": "Can add product",
            "content_type": 15,
            "codename": "add_product"
        }
    },
    {
        "model": "auth.permission",
        "pk": 58,
        "fields": {
            "name": "Can change product",
            "content_type": 15,
            "codename": "change_product"
        }
    },
    {
        "model": "auth.permission",
        "pk": 59,
        "fields": {
            "name": "Can delete product",
            "content_type": 15,
            "codename": "delete_product"
        }
    },
    {
        "model": "auth.permission",
        "pk": 60,
        "fields": {
            "name": "Can view product",
            "content_type": 15,
            "codename": "view_product"
        }
    },
    {
        "model": "auth.permission",
        "pk": 61,
        "fields": {
            "name": "Can add linked_products",
            "content_type": 16,
            "codename": "add_linked_products"
        }
    },
    {
        "model": "auth.permission",
        "pk": 62,
        "fields": {
            "name": "Can change linked_products",
            "content_type": 16,
            "codename": "change_linked_products"
        }
    },
    {
        "model": "auth.permission",
        "pk": 63,
        "fields": {
            "name": "Can delete linked_products",
            "content_type": 16,
            "codename": "delete_linked_products"
        }
    },
    {
        "model": "auth.permission",
        "pk": 64,
        "fields": {
            "name": "Can view linked_products",
            "content_type": 16,
            "codename": "view_linked_products"
        }
    },
    {
        "model": "auth.permission",
        "pk": 65,
        "fields": {
            "name": "Can add transportation",
            "content_type": 17,
            "codename": "add_transportation"
        }
    },
    {
        "model": "auth.permission",
        "pk": 66,
        "fields": {
            "name": "Can change transportation",
            "content_type": 17,
            "codename": "change_transportation"
        }
    },
    {
        "model": "auth.permission",
        "pk": 67,
        "fields": {
            "name": "Can delete transportation",
            "content_type": 17,
            "codename": "delete_transportation"
        }
    },
    {
        "model": "auth.permission",
        "pk": 68,
        "fields": {
            "name": "Can view transportation",
            "content_type": 17,
            "codename": "view_transportation"
        }
    },
    {
        "model": "auth.permission",
        "pk": 69,
        "fields": {
            "name": "Can add transport_ request",
            "content_type": 18,
            "codename": "add_transport_request"
        }
    },
    {
        "model": "auth.permission",
        "pk": 70,
        "fields": {
            "name": "Can change transport_ request",
            "content_type": 18,
            "codename": "change_transport_request"
        }
    },
    {
        "model": "auth.permission",
        "pk": 71,
        "fields": {
            "name": "Can delete transport_ request",
            "content_type": 18,
            "codename": "delete_transport_request"
        }
    },
    {
        "model": "auth.permission",
        "pk": 72,
        "fields": {
            "name": "Can view transport_ request",
            "content_type": 18,
            "codename": "view_transport_request"
        }
    },
    {
        "model": "auth.permission",
        "pk": 73,
        "fields": {
            "name": "Can add option_ unit",
            "content_type": 19,
            "codename": "add_option_unit"
        }
    },
    {
        "model": "auth.permission",
        "pk": 74,
        "fields": {
            "name": "Can change option_ unit",
            "content_type": 19,
            "codename": "change_option_unit"
        }
    },
    {
        "model": "auth.permission",
        "pk": 75,
        "fields": {
            "name": "Can delete option_ unit",
            "content_type": 19,
            "codename": "delete_option_unit"
        }
    },
    {
        "model": "auth.permission",
        "pk": 76,
        "fields": {
            "name": "Can view option_ unit",
            "content_type": 19,
            "codename": "view_option_unit"
        }
    },
    {
        "model": "auth.permission",
        "pk": 77,
        "fields": {
            "name": "Can add attribute_ unit",
            "content_type": 20,
            "codename": "add_attribute_unit"
        }
    },
    {
        "model": "auth.permission",
        "pk": 78,
        "fields": {
            "name": "Can change attribute_ unit",
            "content_type": 20,
            "codename": "change_attribute_unit"
        }
    },
    {
        "model": "auth.permission",
        "pk": 79,
        "fields": {
            "name": "Can delete attribute_ unit",
            "content_type": 20,
            "codename": "delete_attribute_unit"
        }
    },
    {
        "model": "auth.permission",
        "pk": 80,
        "fields": {
            "name": "Can view attribute_ unit",
            "content_type": 20,
            "codename": "view_attribute_unit"
        }
    },
    {
        "model": "auth.permission",
        "pk": 81,
        "fields": {
            "name": "Can add variant",
            "content_type": 21,
            "codename": "add_variant"
        }
    },
    {
        "model": "auth.permission",
        "pk": 82,
        "fields": {
            "name": "Can change variant",
            "content_type": 21,
            "codename": "change_variant"
        }
    },
    {
        "model": "auth.permission",
        "pk": 83,
        "fields": {
            "name": "Can delete variant",
            "content_type": 21,
            "codename": "delete_variant"
        }
    },
    {
        "model": "auth.permission",
        "pk": 84,
        "fields": {
            "name": "Can view variant",
            "content_type": 21,
            "codename": "view_variant"
        }
    },
    {
        "model": "auth.permission",
        "pk": 85,
        "fields": {
            "name": "Can add transported_ products",
            "content_type": 22,
            "codename": "add_transported_products"
        }
    },
    {
        "model": "auth.permission",
        "pk": 86,
        "fields": {
            "name": "Can change transported_ products",
            "content_type": 22,
            "codename": "change_transported_products"
        }
    },
    {
        "model": "auth.permission",
        "pk": 87,
        "fields": {
            "name": "Can delete transported_ products",
            "content_type": 22,
            "codename": "delete_transported_products"
        }
    },
    {
        "model": "auth.permission",
        "pk": 88,
        "fields": {
            "name": "Can view transported_ products",
            "content_type": 22,
            "codename": "view_transported_products"
        }
    },
    {
        "model": "auth.permission",
        "pk": 89,
        "fields": {
            "name": "Can add requested_ products",
            "content_type": 23,
            "codename": "add_requested_products"
        }
    },
    {
        "model": "auth.permission",
        "pk": 90,
        "fields": {
            "name": "Can change requested_ products",
            "content_type": 23,
            "codename": "change_requested_products"
        }
    },
    {
        "model": "auth.permission",
        "pk": 91,
        "fields": {
            "name": "Can delete requested_ products",
            "content_type": 23,
            "codename": "delete_requested_products"
        }
    },
    {
        "model": "auth.permission",
        "pk": 92,
        "fields": {
            "name": "Can view requested_ products",
            "content_type": 23,
            "codename": "view_requested_products"
        }
    },
    {
        "model": "auth.permission",
        "pk": 93,
        "fields": {
            "name": "Can add received_ products",
            "content_type": 24,
            "codename": "add_received_products"
        }
    },
    {
        "model": "auth.permission",
        "pk": 94,
        "fields": {
            "name": "Can change received_ products",
            "content_type": 24,
            "codename": "change_received_products"
        }
    },
    {
        "model": "auth.permission",
        "pk": 95,
        "fields": {
            "name": "Can delete received_ products",
            "content_type": 24,
            "codename": "delete_received_products"
        }
    },
    {
        "model": "auth.permission",
        "pk": 96,
        "fields": {
            "name": "Can view received_ products",
            "content_type": 24,
            "codename": "view_received_products"
        }
    },
    {
        "model": "auth.permission",
        "pk": 97,
        "fields": {
            "name": "Can add variant_ option",
            "content_type": 25,
            "codename": "add_variant_option"
        }
    },
    {
        "model": "auth.permission",
        "pk": 98,
        "fields": {
            "name": "Can change variant_ option",
            "content_type": 25,
            "codename": "change_variant_option"
        }
    },
    {
        "model": "auth.permission",
        "pk": 99,
        "fields": {
            "name": "Can delete variant_ option",
            "content_type": 25,
            "codename": "delete_variant_option"
        }
    },
    {
        "model": "auth.permission",
        "pk": 100,
        "fields": {
            "name": "Can view variant_ option",
            "content_type": 25,
            "codename": "view_variant_option"
        }
    },
    {
        "model": "auth.permission",
        "pk": 101,
        "fields": {
            "name": "Can add branch",
            "content_type": 26,
            "codename": "add_branch"
        }
    },
    {
        "model": "auth.permission",
        "pk": 102,
        "fields": {
            "name": "Can change branch",
            "content_type": 26,
            "codename": "change_branch"
        }
    },
    {
        "model": "auth.permission",
        "pk": 103,
        "fields": {
            "name": "Can delete branch",
            "content_type": 26,
            "codename": "delete_branch"
        }
    },
    {
        "model": "auth.permission",
        "pk": 104,
        "fields": {
            "name": "Can view branch",
            "content_type": 26,
            "codename": "view_branch"
        }
    },
    {
        "model": "auth.permission",
        "pk": 105,
        "fields": {
            "name": "Can add branch_ products",
            "content_type": 27,
            "codename": "add_branch_products"
        }
    },
    {
        "model": "auth.permission",
        "pk": 106,
        "fields": {
            "name": "Can change branch_ products",
            "content_type": 27,
            "codename": "change_branch_products"
        }
    },
    {
        "model": "auth.permission",
        "pk": 107,
        "fields": {
            "name": "Can delete branch_ products",
            "content_type": 27,
            "codename": "delete_branch_products"
        }
    },
    {
        "model": "auth.permission",
        "pk": 108,
        "fields": {
            "name": "Can view branch_ products",
            "content_type": 27,
            "codename": "view_branch_products"
        }
    },
    {
        "model": "auth.permission",
        "pk": 109,
        "fields": {
            "name": "Can add city",
            "content_type": 28,
            "codename": "add_city"
        }
    },
    {
        "model": "auth.permission",
        "pk": 110,
        "fields": {
            "name": "Can change city",
            "content_type": 28,
            "codename": "change_city"
        }
    },
    {
        "model": "auth.permission",
        "pk": 111,
        "fields": {
            "name": "Can delete city",
            "content_type": 28,
            "codename": "delete_city"
        }
    },
    {
        "model": "auth.permission",
        "pk": 112,
        "fields": {
            "name": "Can view city",
            "content_type": 28,
            "codename": "view_city"
        }
    },
    {
        "model": "auth.permission",
        "pk": 113,
        "fields": {
            "name": "Can add attendance",
            "content_type": 29,
            "codename": "add_attendance"
        }
    },
    {
        "model": "auth.permission",
        "pk": 114,
        "fields": {
            "name": "Can change attendance",
            "content_type": 29,
            "codename": "change_attendance"
        }
    },
    {
        "model": "auth.permission",
        "pk": 115,
        "fields": {
            "name": "Can delete attendance",
            "content_type": 29,
            "codename": "delete_attendance"
        }
    },
    {
        "model": "auth.permission",
        "pk": 116,
        "fields": {
            "name": "Can view attendance",
            "content_type": 29,
            "codename": "view_attendance"
        }
    },
    {
        "model": "auth.permission",
        "pk": 117,
        "fields": {
            "name": "Can add job_ type",
            "content_type": 30,
            "codename": "add_job_type"
        }
    },
    {
        "model": "auth.permission",
        "pk": 118,
        "fields": {
            "name": "Can change job_ type",
            "content_type": 30,
            "codename": "change_job_type"
        }
    },
    {
        "model": "auth.permission",
        "pk": 119,
        "fields": {
            "name": "Can delete job_ type",
            "content_type": 30,
            "codename": "delete_job_type"
        }
    },
    {
        "model": "auth.permission",
        "pk": 120,
        "fields": {
            "name": "Can view job_ type",
            "content_type": 30,
            "codename": "view_job_type"
        }
    },
    {
        "model": "auth.permission",
        "pk": 121,
        "fields": {
            "name": "Can add work schedule",
            "content_type": 31,
            "codename": "add_workschedule"
        }
    },
    {
        "model": "auth.permission",
        "pk": 122,
        "fields": {
            "name": "Can change work schedule",
            "content_type": 31,
            "codename": "change_workschedule"
        }
    },
    {
        "model": "auth.permission",
        "pk": 123,
        "fields": {
            "name": "Can delete work schedule",
            "content_type": 31,
            "codename": "delete_workschedule"
        }
    },
    {
        "model": "auth.permission",
        "pk": 124,
        "fields": {
            "name": "Can view work schedule",
            "content_type": 31,
            "codename": "view_workschedule"
        }
    },
    {
        "model": "auth.permission",
        "pk": 125,
        "fields": {
            "name": "Can add attendance log",
            "content_type": 32,
            "codename": "add_attendancelog"
        }
    },
    {
        "model": "auth.permission",
        "pk": 126,
        "fields": {
            "name": "Can change attendance log",
            "content_type": 32,
            "codename": "change_attendancelog"
        }
    },
    {
        "model": "auth.permission",
        "pk": 127,
        "fields": {
            "name": "Can delete attendance log",
            "content_type": 32,
            "codename": "delete_attendancelog"
        }
    },
    {
        "model": "auth.permission",
        "pk": 128,
        "fields": {
            "name": "Can view attendance log",
            "content_type": 32,
            "codename": "view_attendancelog"
        }
    },
    {
        "model": "auth.permission",
        "pk": 129,
        "fields": {
            "name": "Can add employee",
            "content_type": 33,
            "codename": "add_employee"
        }
    },
    {
        "model": "auth.permission",
        "pk": 130,
        "fields": {
            "name": "Can change employee",
            "content_type": 33,
            "codename": "change_employee"
        }
    },
    {
        "model": "auth.permission",
        "pk": 131,
        "fields": {
            "name": "Can delete employee",
            "content_type": 33,
            "codename": "delete_employee"
        }
    },
    {
        "model": "auth.permission",
        "pk": 132,
        "fields": {
            "name": "Can view employee",
            "content_type": 33,
            "codename": "view_employee"
        }
    },
    {
        "model": "auth.permission",
        "pk": 133,
        "fields": {
            "name": "Can add vecation",
            "content_type": 34,
            "codename": "add_vecation"
        }
    },
    {
        "model": "auth.permission",
        "pk": 134,
        "fields": {
            "name": "Can change vecation",
            "content_type": 34,
            "codename": "change_vecation"
        }
    },
    {
        "model": "auth.permission",
        "pk": 135,
        "fields": {
            "name": "Can delete vecation",
            "content_type": 34,
            "codename": "delete_vecation"
        }
    },
    {
        "model": "auth.permission",
        "pk": 136,
        "fields": {
            "name": "Can view vecation",
            "content_type": 34,
            "codename": "view_vecation"
        }
    },
    {
        "model": "auth.permission",
        "pk": 137,
        "fields": {
            "name": "Can add salary",
            "content_type": 35,
            "codename": "add_salary"
        }
    },
    {
        "model": "auth.permission",
        "pk": 138,
        "fields": {
            "name": "Can change salary",
            "content_type": 35,
            "codename": "change_salary"
        }
    },
    {
        "model": "auth.permission",
        "pk": 139,
        "fields": {
            "name": "Can delete salary",
            "content_type": 35,
            "codename": "delete_salary"
        }
    },
    {
        "model": "auth.permission",
        "pk": 140,
        "fields": {
            "name": "Can view salary",
            "content_type": 35,
            "codename": "view_salary"
        }
    },
    {
        "model": "auth.permission",
        "pk": 141,
        "fields": {
            "name": "Can add work day",
            "content_type": 36,
            "codename": "add_workday"
        }
    },
    {
        "model": "auth.permission",
        "pk": 142,
        "fields": {
            "name": "Can change work day",
            "content_type": 36,
            "codename": "change_workday"
        }
    },
    {
        "model": "auth.permission",
        "pk": 143,
        "fields": {
            "name": "Can delete work day",
            "content_type": 36,
            "codename": "delete_workday"
        }
    },
    {
        "model": "auth.permission",
        "pk": 144,
        "fields": {
            "name": "Can view work day",
            "content_type": 36,
            "codename": "view_workday"
        }
    },
    {
        "model": "auth.permission",
        "pk": 145,
        "fields": {
            "name": "Can add coupon",
            "content_type": 37,
            "codename": "add_coupon"
        }
    },
    {
        "model": "auth.permission",
        "pk": 146,
        "fields": {
            "name": "Can change coupon",
            "content_type": 37,
            "codename": "change_coupon"
        }
    },
    {
        "model": "auth.permission",
        "pk": 147,
        "fields": {
            "name": "Can delete coupon",
            "content_type": 37,
            "codename": "delete_coupon"
        }
    },
    {
        "model": "auth.permission",
        "pk": 148,
        "fields": {
            "name": "Can view coupon",
            "content_type": 37,
            "codename": "view_coupon"
        }
    },
    {
        "model": "auth.permission",
        "pk": 149,
        "fields": {
            "name": "Can add customer",
            "content_type": 38,
            "codename": "add_customer"
        }
    },
    {
        "model": "auth.permission",
        "pk": 150,
        "fields": {
            "name": "Can change customer",
            "content_type": 38,
            "codename": "change_customer"
        }
    },
    {
        "model": "auth.permission",
        "pk": 151,
        "fields": {
            "name": "Can delete customer",
            "content_type": 38,
            "codename": "delete_customer"
        }
    },
    {
        "model": "auth.permission",
        "pk": 152,
        "fields": {
            "name": "Can view customer",
            "content_type": 38,
            "codename": "view_customer"
        }
    },
    {
        "model": "auth.permission",
        "pk": 153,
        "fields": {
            "name": "Can add discount",
            "content_type": 39,
            "codename": "add_discount"
        }
    },
    {
        "model": "auth.permission",
        "pk": 154,
        "fields": {
            "name": "Can change discount",
            "content_type": 39,
            "codename": "change_discount"
        }
    },
    {
        "model": "auth.permission",
        "pk": 155,
        "fields": {
            "name": "Can delete discount",
            "content_type": 39,
            "codename": "delete_discount"
        }
    },
    {
        "model": "auth.permission",
        "pk": 156,
        "fields": {
            "name": "Can view discount",
            "content_type": 39,
            "codename": "view_discount"
        }
    },
    {
        "model": "auth.permission",
        "pk": 157,
        "fields": {
            "name": "Can add offer",
            "content_type": 40,
            "codename": "add_offer"
        }
    },
    {
        "model": "auth.permission",
        "pk": 158,
        "fields": {
            "name": "Can change offer",
            "content_type": 40,
            "codename": "change_offer"
        }
    },
    {
        "model": "auth.permission",
        "pk": 159,
        "fields": {
            "name": "Can delete offer",
            "content_type": 40,
            "codename": "delete_offer"
        }
    },
    {
        "model": "auth.permission",
        "pk": 160,
        "fields": {
            "name": "Can view offer",
            "content_type": 40,
            "codename": "view_offer"
        }
    },
    {
        "model": "auth.permission",
        "pk": 161,
        "fields": {
            "name": "Can add discount_ category",
            "content_type": 41,
            "codename": "add_discount_category"
        }
    },
    {
        "model": "auth.permission",
        "pk": 162,
        "fields": {
            "name": "Can change discount_ category",
            "content_type": 41,
            "codename": "change_discount_category"
        }
    },
    {
        "model": "auth.permission",
        "pk": 163,
        "fields": {
            "name": "Can delete discount_ category",
            "content_type": 41,
            "codename": "delete_discount_category"
        }
    },
    {
        "model": "auth.permission",
        "pk": 164,
        "fields": {
            "name": "Can view discount_ category",
            "content_type": 41,
            "codename": "view_discount_category"
        }
    },
    {
        "model": "auth.permission",
        "pk": 165,
        "fields": {
            "name": "Can add discount_ category_ option",
            "content_type": 42,
            "codename": "add_discount_category_option"
        }
    },
    {
        "model": "auth.permission",
        "pk": 166,
        "fields": {
            "name": "Can change discount_ category_ option",
            "content_type": 42,
            "codename": "change_discount_category_option"
        }
    },
    {
        "model": "auth.permission",
        "pk": 167,
        "fields": {
            "name": "Can delete discount_ category_ option",
            "content_type": 42,
            "codename": "delete_discount_category_option"
        }
    },
    {
        "model": "auth.permission",
        "pk": 168,
        "fields": {
            "name": "Can view discount_ category_ option",
            "content_type": 42,
            "codename": "view_discount_category_option"
        }
    },
    {
        "model": "auth.permission",
        "pk": 169,
        "fields": {
            "name": "Can add discount_ product",
            "content_type": 43,
            "codename": "add_discount_product"
        }
    },
    {
        "model": "auth.permission",
        "pk": 170,
        "fields": {
            "name": "Can change discount_ product",
            "content_type": 43,
            "codename": "change_discount_product"
        }
    },
    {
        "model": "auth.permission",
        "pk": 171,
        "fields": {
            "name": "Can delete discount_ product",
            "content_type": 43,
            "codename": "delete_discount_product"
        }
    },
    {
        "model": "auth.permission",
        "pk": 172,
        "fields": {
            "name": "Can view discount_ product",
            "content_type": 43,
            "codename": "view_discount_product"
        }
    },
    {
        "model": "auth.permission",
        "pk": 173,
        "fields": {
            "name": "Can add discount_ product_ option",
            "content_type": 44,
            "codename": "add_discount_product_option"
        }
    },
    {
        "model": "auth.permission",
        "pk": 174,
        "fields": {
            "name": "Can change discount_ product_ option",
            "content_type": 44,
            "codename": "change_discount_product_option"
        }
    },
    {
        "model": "auth.permission",
        "pk": 175,
        "fields": {
            "name": "Can delete discount_ product_ option",
            "content_type": 44,
            "codename": "delete_discount_product_option"
        }
    },
    {
        "model": "auth.permission",
        "pk": 176,
        "fields": {
            "name": "Can view discount_ product_ option",
            "content_type": 44,
            "codename": "view_discount_product_option"
        }
    },
    {
        "model": "auth.permission",
        "pk": 177,
        "fields": {
            "name": "Can add offer_ product",
            "content_type": 45,
            "codename": "add_offer_product"
        }
    },
    {
        "model": "auth.permission",
        "pk": 178,
        "fields": {
            "name": "Can change offer_ product",
            "content_type": 45,
            "codename": "change_offer_product"
        }
    },
    {
        "model": "auth.permission",
        "pk": 179,
        "fields": {
            "name": "Can delete offer_ product",
            "content_type": 45,
            "codename": "delete_offer_product"
        }
    },
    {
        "model": "auth.permission",
        "pk": 180,
        "fields": {
            "name": "Can view offer_ product",
            "content_type": 45,
            "codename": "view_offer_product"
        }
    },
    {
        "model": "auth.permission",
        "pk": 181,
        "fields": {
            "name": "Can add offer_ product_ option",
            "content_type": 46,
            "codename": "add_offer_product_option"
        }
    },
    {
        "model": "auth.permission",
        "pk": 182,
        "fields": {
            "name": "Can change offer_ product_ option",
            "content_type": 46,
            "codename": "change_offer_product_option"
        }
    },
    {
        "model": "auth.permission",
        "pk": 183,
        "fields": {
            "name": "Can delete offer_ product_ option",
            "content_type": 46,
            "codename": "delete_offer_product_option"
        }
    },
    {
        "model": "auth.permission",
        "pk": 184,
        "fields": {
            "name": "Can view offer_ product_ option",
            "content_type": 46,
            "codename": "view_offer_product_option"
        }
    },
    {
        "model": "auth.permission",
        "pk": 185,
        "fields": {
            "name": "Can add purchase",
            "content_type": 47,
            "codename": "add_purchase"
        }
    },
    {
        "model": "auth.permission",
        "pk": 186,
        "fields": {
            "name": "Can change purchase",
            "content_type": 47,
            "codename": "change_purchase"
        }
    },
    {
        "model": "auth.permission",
        "pk": 187,
        "fields": {
            "name": "Can delete purchase",
            "content_type": 47,
            "codename": "delete_purchase"
        }
    },
    {
        "model": "auth.permission",
        "pk": 188,
        "fields": {
            "name": "Can view purchase",
            "content_type": 47,
            "codename": "view_purchase"
        }
    },
    {
        "model": "auth.permission",
        "pk": 189,
        "fields": {
            "name": "Can add purchased_ products",
            "content_type": 48,
            "codename": "add_purchased_products"
        }
    },
    {
        "model": "auth.permission",
        "pk": 190,
        "fields": {
            "name": "Can change purchased_ products",
            "content_type": 48,
            "codename": "change_purchased_products"
        }
    },
    {
        "model": "auth.permission",
        "pk": 191,
        "fields": {
            "name": "Can delete purchased_ products",
            "content_type": 48,
            "codename": "delete_purchased_products"
        }
    },
    {
        "model": "auth.permission",
        "pk": 192,
        "fields": {
            "name": "Can view purchased_ products",
            "content_type": 48,
            "codename": "view_purchased_products"
        }
    },
    {
        "model": "auth.permission",
        "pk": 193,
        "fields": {
            "name": "Can add client_ profile",
            "content_type": 49,
            "codename": "add_client_profile"
        }
    },
    {
        "model": "auth.permission",
        "pk": 194,
        "fields": {
            "name": "Can change client_ profile",
            "content_type": 49,
            "codename": "change_client_profile"
        }
    },
    {
        "model": "auth.permission",
        "pk": 195,
        "fields": {
            "name": "Can delete client_ profile",
            "content_type": 49,
            "codename": "delete_client_profile"
        }
    },
    {
        "model": "auth.permission",
        "pk": 196,
        "fields": {
            "name": "Can view client_ profile",
            "content_type": 49,
            "codename": "view_client_profile"
        }
    },
    {
        "model": "auth.permission",
        "pk": 197,
        "fields": {
            "name": "Can add comment",
            "content_type": 50,
            "codename": "add_comment"
        }
    },
    {
        "model": "auth.permission",
        "pk": 198,
        "fields": {
            "name": "Can change comment",
            "content_type": 50,
            "codename": "change_comment"
        }
    },
    {
        "model": "auth.permission",
        "pk": 199,
        "fields": {
            "name": "Can delete comment",
            "content_type": 50,
            "codename": "delete_comment"
        }
    },
    {
        "model": "auth.permission",
        "pk": 200,
        "fields": {
            "name": "Can view comment",
            "content_type": 50,
            "codename": "view_comment"
        }
    },
    {
        "model": "auth.permission",
        "pk": 201,
        "fields": {
            "name": "Can add like",
            "content_type": 51,
            "codename": "add_like"
        }
    },
    {
        "model": "auth.permission",
        "pk": 202,
        "fields": {
            "name": "Can change like",
            "content_type": 51,
            "codename": "change_like"
        }
    },
    {
        "model": "auth.permission",
        "pk": 203,
        "fields": {
            "name": "Can delete like",
            "content_type": 51,
            "codename": "delete_like"
        }
    },
    {
        "model": "auth.permission",
        "pk": 204,
        "fields": {
            "name": "Can view like",
            "content_type": 51,
            "codename": "view_like"
        }
    },
    {
        "model": "auth.permission",
        "pk": 205,
        "fields": {
            "name": "Can add review",
            "content_type": 52,
            "codename": "add_review"
        }
    },
    {
        "model": "auth.permission",
        "pk": 206,
        "fields": {
            "name": "Can change review",
            "content_type": 52,
            "codename": "change_review"
        }
    },
    {
        "model": "auth.permission",
        "pk": 207,
        "fields": {
            "name": "Can delete review",
            "content_type": 52,
            "codename": "delete_review"
        }
    },
    {
        "model": "auth.permission",
        "pk": 208,
        "fields": {
            "name": "Can view review",
            "content_type": 52,
            "codename": "view_review"
        }
    },
    {
        "model": "auth.permission",
        "pk": 209,
        "fields": {
            "name": "Can add save",
            "content_type": 53,
            "codename": "add_save"
        }
    },
    {
        "model": "auth.permission",
        "pk": 210,
        "fields": {
            "name": "Can change save",
            "content_type": 53,
            "codename": "change_save"
        }
    },
    {
        "model": "auth.permission",
        "pk": 211,
        "fields": {
            "name": "Can delete save",
            "content_type": 53,
            "codename": "delete_save"
        }
    },
    {
        "model": "auth.permission",
        "pk": 212,
        "fields": {
            "name": "Can view save",
            "content_type": 53,
            "codename": "view_save"
        }
    },
    {
        "model": "contenttypes.contenttype",
        "pk": 1,
        "fields": {
            "app_label": "admin",
            "model": "logentry"
        }
    },
    {
        "model": "contenttypes.contenttype",
        "pk": 2,
        "fields": {
            "app_label": "auth",
            "model": "permission"
        }
    },
    {
        "model": "contenttypes.contenttype",
        "pk": 3,
        "fields": {
            "app_label": "auth",
            "model": "group"
        }
    },
    {
        "model": "contenttypes.contenttype",
        "pk": 4,
        "fields": {
            "app_label": "contenttypes",
            "model": "contenttype"
        }
    },
    {
        "model": "contenttypes.contenttype",
        "pk": 5,
        "fields": {
            "app_label": "sessions",
            "model": "session"
        }
    },
    {
        "model": "contenttypes.contenttype",
        "pk": 6,
        "fields": {
            "app_label": "authtoken",
            "model": "token"
        }
    },
    {
        "model": "contenttypes.contenttype",
        "pk": 7,
        "fields": {
            "app_label": "authtoken",
            "model": "tokenproxy"
        }
    },
    {
        "model": "contenttypes.contenttype",
        "pk": 8,
        "fields": {
            "app_label": "users",
            "model": "user"
        }
    },
    {
        "model": "contenttypes.contenttype",
        "pk": 9,
        "fields": {
            "app_label": "users",
            "model": "employee_user"
        }
    },
    {
        "model": "contenttypes.contenttype",
        "pk": 10,
        "fields": {
            "app_label": "products",
            "model": "attribute"
        }
    },
    {
        "model": "contenttypes.contenttype",
        "pk": 11,
        "fields": {
            "app_label": "products",
            "model": "unit"
        }
    },
    {
        "model": "contenttypes.contenttype",
        "pk": 12,
        "fields": {
            "app_label": "products",
            "model": "category"
        }
    },
    {
        "model": "contenttypes.contenttype",
        "pk": 13,
        "fields": {
            "app_label": "products",
            "model": "category_attribute"
        }
    },
    {
        "model": "contenttypes.contenttype",
        "pk": 14,
        "fields": {
            "app_label": "products",
            "model": "option"
        }
    },
    {
        "model": "contenttypes.contenttype",
        "pk": 15,
        "fields": {
            "app_label": "products",
            "model": "product"
        }
    },
    {
        "model": "contenttypes.contenttype",
        "pk": 16,
        "fields": {
            "app_label": "products",
            "model": "linked_products"
        }
    },
    {
        "model": "contenttypes.contenttype",
        "pk": 17,
        "fields": {
            "app_label": "products",
            "model": "transportation"
        }
    },
    {
        "model": "contenttypes.contenttype",
        "pk": 18,
        "fields": {
            "app_label": "products",
            "model": "transport_request"
        }
    },
    {
        "model": "contenttypes.contenttype",
        "pk": 19,
        "fields": {
            "app_label": "products",
            "model": "option_unit"
        }
    },
    {
        "model": "contenttypes.contenttype",
        "pk": 20,
        "fields": {
            "app_label": "products",
            "model": "attribute_unit"
        }
    },
    {
        "model": "contenttypes.contenttype",
        "pk": 21,
        "fields": {
            "app_label": "products",
            "model": "variant"
        }
    },
    {
        "model": "contenttypes.contenttype",
        "pk": 22,
        "fields": {
            "app_label": "products",
            "model": "transported_products"
        }
    },
    {
        "model": "contenttypes.contenttype",
        "pk": 23,
        "fields": {
            "app_label": "products",
            "model": "requested_products"
        }
    },
    {
        "model": "contenttypes.contenttype",
        "pk": 24,
        "fields": {
            "app_label": "products",
            "model": "received_products"
        }
    },
    {
        "model": "contenttypes.contenttype",
        "pk": 25,
        "fields": {
            "app_label": "products",
            "model": "variant_option"
        }
    },
    {
        "model": "users.user",
        "pk": 1,
        "fields": {
            "last_login": null,
            "is_superuser": true,
            "first_name": "",
            "last_name": "",
            "email": "",
            "is_staff": true,
            "is_active": true,
            "date_joined": "2025-07-21T15:40:48.094Z",
            "username": "NOGA",
            "password": "pbkdf2_sha256$720000$l2tzIb8hUKW6XNXaown1XO$xN0mzbmOKDTZSTnhoLx/9LYlpDSsPkhBfga4oOsZffw=",
            "is_employee": false,
            "groups": [],
            "user_permissions": []
        }
    },
    {
        "model": "users.user",
        "pk": 2,
        "fields": {
            "last_login": null,
            "is_superuser": false,
            "first_name": "",
            "last_name": "",
            "email": "",
            "is_staff": false,
            "is_active": true,
            "date_joined": "2025-07-21T19:20:17.904Z",
            "username": "Oudisho-Qattyne",
            "password": "pbkdf2_sha256$720000$v3cvET5Fyn12O2Cft9KPTC$mvHw1uAoRvT2upqSaFiYj4dRYPOEVNZzNmcLxbkq5wY=",
            "is_employee": false,
            "groups": [],
            "user_permissions": []
        }
    },
    {
        "model": "products.unit",
        "pk": 1,
        "fields": {
            "unit": "GB"
        }
    },
    {
        "model": "products.unit",
        "pk": 2,
        "fields": {
            "unit": "MP"
        }
    },
    {
        "model": "products.unit",
        "pk": 3,
        "fields": {
            "unit": "mA"
        }
    },
    {
        "model": "products.attribute",
        "pk": 1,
        "fields": {
            "attribute": "storage",
            "attribute_type": "number",
            "is_multivalue": false,
            "is_categorical": false,
            "has_unit": true
        }
    },
    {
        "model": "products.attribute",
        "pk": 2,
        "fields": {
            "attribute": "cameras",
            "attribute_type": "number",
            "is_multivalue": true,
            "is_categorical": false,
            "has_unit": true
        }
    },
    {
        "model": "products.attribute",
        "pk": 3,
        "fields": {
            "attribute": "battery",
            "attribute_type": "number",
            "is_multivalue": false,
            "is_categorical": false,
            "has_unit": true
        }
    },
    {
        "model": "products.attribute",
        "pk": 4,
        "fields": {
            "attribute": "color",
            "attribute_type": "number",
            "is_multivalue": false,
            "is_categorical": false,
            "has_unit": false
        }
    },
    {
        "model": "products.attribute_unit",
        "pk": 1,
        "fields": {
            "unit": 1,
            "attribute": 1
        }
    },
    {
        "model": "products.attribute_unit",
        "pk": 2,
        "fields": {
            "unit": 2,
            "attribute": 2
        }
    },
    {
        "model": "products.attribute_unit",
        "pk": 3,
        "fields": {
            "unit": 3,
            "attribute": 3
        }
    },
    {
        "model": "products.option",
        "pk": 1,
        "fields": {
            "option": "64",
            "attribute": 1
        }
    },
    {
        "model": "products.option",
        "pk": 2,
        "fields": {
            "option": "5000",
            "attribute": 3
        }
    },
    {
        "model": "products.option",
        "pk": 3,
        "fields": {
            "option": "128",
            "attribute": 1
        }
    },
    {
        "model": "products.option",
        "pk": 4,
        "fields": {
            "option": "6000",
            "attribute": 3
        }
    },
    {
        "model": "products.option",
        "pk": 5,
        "fields": {
            "option": "128",
            "attribute": 1
        }
    },
    {
        "model": "products.option",
        "pk": 6,
        "fields": {
            "option": "5000",
            "attribute": 3
        }
    },
    {
        "model": "products.option",
        "pk": 7,
        "fields": {
            "option": "128",
            "attribute": 1
        }
    },
    {
        "model": "products.option",
        "pk": 8,
        "fields": {
            "option": "5000",
            "attribute": 3
        }
    },
    {
        "model": "products.option_unit",
        "pk": 1,
        "fields": {
            "option": 1,
            "unit": 1
        }
    },
    {
        "model": "products.option_unit",
        "pk": 2,
        "fields": {
            "option": 2,
            "unit": 3
        }
    },
    {
        "model": "products.option_unit",
        "pk": 3,
        "fields": {
            "option": 3,
            "unit": 1
        }
    },
    {
        "model": "products.option_unit",
        "pk": 4,
        "fields": {
            "option": 4,
            "unit": 3
        }
    },
    {
        "model": "products.option_unit",
        "pk": 5,
        "fields": {
            "option": 5,
            "unit": 1
        }
    },
    {
        "model": "products.option_unit",
        "pk": 6,
        "fields": {
            "option": 6,
            "unit": 3
        }
    },
    {
        "model": "products.option_unit",
        "pk": 7,
        "fields": {
            "option": 7,
            "unit": 1
        }
    },
    {
        "model": "products.option_unit",
        "pk": 8,
        "fields": {
            "option": 8,
            "unit": 3
        }
    },
    {
        "model": "products.category",
        "pk": 1,
        "fields": {
            "category": "phone",
            "parent_category": null
        }
    },
    {
        "model": "products.category_attribute",
        "pk": 1,
        "fields": {
            "category": 1,
            "attribute": 1
        }
    },
    {
        "model": "products.category_attribute",
        "pk": 2,
        "fields": {
            "category": 1,
            "attribute": 3
        }
    },
    {
        "model": "products.product",
        "pk": 1,
        "fields": {
            "product_name": "poco",
            "category": 1,
            "qr_code": "http://127.0.0.1:8000/media/productqr/phone-poco-1.png",
            "qr_codes_download": "http://127.0.0.1:8000/media/productqr/phone-poco-1-download.jpg",
            "linked_products": []
        }
    },
    {
        "model": "products.product",
        "pk": 2,
        "fields": {
            "product_name": "asus",
            "category": 1,
            "qr_code": "http://127.0.0.1:8000/media/productqr/phone-asus-2.png",
            "qr_codes_download": "http://127.0.0.1:8000/media/productqr/phone-asus-2-download.jpg",
            "linked_products": []
        }
    },
    {
        "model": "products.variant",
        "pk": 1,
        "fields": {
            "product": 1,
            "quantity": 0,
            "wholesale_price": 100.0,
            "selling_price": 101.0,
            "sku": "poco-64GB-5000mA"
        }
    },
    {
        "model": "products.variant",
        "pk": 2,
        "fields": {
            "product": 1,
            "quantity": 90,
            "wholesale_price": 100.0,
            "selling_price": 101.0,
            "sku": "poco-128GB-6000mA"
        }
    },
    {
        "model": "products.variant",
        "pk": 3,
        "fields": {
            "product": 1,
            "quantity": 100,
            "wholesale_price": 100.0,
            "selling_price": 101.0,
            "sku": "poco-128GB-5000mA"
        }
    },
    {
        "model": "products.variant",
        "pk": 4,
        "fields": {
            "product": 2,
            "quantity": 100,
            "wholesale_price": 100.0,
            "selling_price": 110.0,
            "sku": "asus-128GB-5000mA"
        }
    },
    {
        "model": "products.variant_option",
        "pk": 1,
        "fields": {
            "variant": 1,
            "option": 1
        }
    },
    {
        "model": "products.variant_option",
        "pk": 2,
        "fields": {
            "variant": 1,
            "option": 2
        }
    },
    {
        "model": "products.variant_option",
        "pk": 3,
        "fields": {
            "variant": 2,
            "option": 3
        }
    },
    {
        "model": "products.variant_option",
        "pk": 4,
        "fields": {
            "variant": 2,
            "option": 4
        }
    },
    {
        "model": "products.variant_option",
        "pk": 5,
        "fields": {
            "variant": 3,
            "option": 5
        }
    },
    {
        "model": "products.variant_option",
        "pk": 6,
        "fields": {
            "variant": 3,
            "option": 6
        }
    },
    {
        "model": "products.variant_option",
        "pk": 7,
        "fields": {
            "variant": 4,
            "option": 7
        }
    },
    {
        "model": "products.variant_option",
        "pk": 8,
        "fields": {
            "variant": 4,
            "option": 8
        }
    },
    {
        "model": "products.transportation",
        "pk": 1,
        "fields": {
            "transportation_status": "confirmed",
            "source": null,
            "destination": 1,
            "code": "ba5b75fb",
            "created_at": "2025-07-21T19:17:05.454Z",
            "transported_at": "2025-07-21T19:17:43.888Z",
            "received_at": "2025-07-21T19:17:55.160Z"
        }
    },
    {
        "model": "products.transportation",
        "pk": 2,
        "fields": {
            "transportation_status": "confirmed",
            "source": null,
            "destination": 1,
            "code": "cf909b8c",
            "created_at": "2025-07-21T19:17:19.493Z",
            "transported_at": "2025-07-21T19:18:25.490Z",
            "received_at": "2025-07-21T19:18:48.848Z"
        }
    },
    {
        "model": "products.transported_products",
        "pk": 1,
        "fields": {
            "transportation": 1,
            "product": 1,
            "quantity": 100
        }
    },
    {
        "model": "products.transported_products",
        "pk": 2,
        "fields": {
            "transportation": 2,
            "product": 2,
            "quantity": 10
        }
    },
    {
        "model": "products.received_products",
        "pk": 1,
        "fields": {
            "transportation": 1,
            "product": 1,
            "quantity": 100
        }
    },
    {
        "model": "products.received_products",
        "pk": 2,
        "fields": {
            "transportation": 2,
            "product": 2,
            "quantity": 10
        }
    },
    {
        "model": "products.transport_request",
        "pk": 1,
        "fields": {
            "request_status": "waiting",
            "branch": 1,
            "transportation": null,
            "created_at": "2025-07-21T19:19:36.643Z"
        }
    },
    {
        "model": "products.requested_products",
        "pk": 1,
        "fields": {
            "request": 1,
            "product_request_status": "waiting",
            "product": 1,
            "quantity": 10
        }
    },
    {
        "model": "branches.city",
        "pk": 1,
        "fields": {
            "city_name": "Hama"
        }
    },
    {
        "model": "branches.branch",
        "pk": 1,
        "fields": {
            "number": 1,
            "location": "Homs",
            "area": "bab tadmor",
            "street": "AlForat",
            "manager": 1,
            "city": 1
        }
    },
    {
        "model": "branches.branch_products",
        "pk": 1,
        "fields": {
            "branch": 1,
            "product": 1,
            "quantity": 100
        }
    },
    {
        "model": "branches.branch_products",
        "pk": 2,
        "fields": {
            "branch": 1,
            "product": 2,
            "quantity": 10
        }
    },
    {
        "model": "employees.job_type",
        "pk": 1,
        "fields": {
            "job_type": "CEO"
        }
    },
    {
        "model": "employees.job_type",
        "pk": 2,
        "fields": {
            "job_type": "HR"
        }
    },
    {
        "model": "employees.job_type",
        "pk": 3,
        "fields": {
            "job_type": "Warehouse Administrator"
        }
    },
    {
        "model": "employees.job_type",
        "pk": 4,
        "fields": {
            "job_type": "Manager"
        }
    },
    {
        "model": "employees.job_type",
        "pk": 5,
        "fields": {
            "job_type": "Sales Officer"
        }
    },
    {
        "model": "employees.employee",
        "pk": 1,
        "fields": {
            "national_number": 111111122,
            "first_name": "Oudisho",
            "middle_name": "Rami",
            "last_name": "QattynyM",
            "email": "oudi@gmail.com",
            "birth_date": "2003-01-01",
            "gender": true,
            "salary": "1313.00",
            "address": "Homs",
            "phone": "44444444",
            "date_of_employment": "2022-01-02",
            "job_type": 4,
            "branch": 1,
            "image": ""
        }
    },
    {
        "model": "employees.workschedule",
        "pk": 1,
        "fields": {
            "name": "winter scheduale",
            "is_active": true,
            "created_at": "2025-07-21T19:03:42.679Z",
            "updated_at": "2025-07-21T19:03:42.679Z"
        }
    },
    {
        "model": "employees.workday",
        "pk": 1,
        "fields": {
            "schedule": 1,
            "day": 0,
            "start_time": "06:00:00",
            "end_time": "15:00:00",
            "is_working_day": true
        }
    },
    {
        "model": "employees.workday",
        "pk": 2,
        "fields": {
            "schedule": 1,
            "day": 1,
            "start_time": "06:00:00",
            "end_time": "15:00:00",
            "is_working_day": true
        }
    },
    {
        "model": "employees.workday",
        "pk": 3,
        "fields": {
            "schedule": 1,
            "day": 2,
            "start_time": "06:00:00",
            "end_time": "15:00:00",
            "is_working_day": true
        }
    },
    {
        "model": "employees.workday",
        "pk": 4,
        "fields": {
            "schedule": 1,
            "day": 3,
            "start_time": "06:00:00",
            "end_time": "15:00:00",
            "is_working_day": true
        }
    },
    {
        "model": "employees.workday",
        "pk": 5,
        "fields": {
            "schedule": 1,
            "day": 4,
            "start_time": "06:00:00",
            "end_time": "15:00:00",
            "is_working_day": true
        }
    },
    {
        "model": "employees.workday",
        "pk": 6,
        "fields": {
            "schedule": 1,
            "day": 5,
            "start_time": "06:00:00",
            "end_time": "15:00:00",
            "is_working_day": true
        }
    },
    {
        "model": "mobile.client_profile",
        "pk": 1,
        "fields": {
            "national_number": 1,
            "first_name": "Oudisho",
            "middle_name": "Rami",
            "last_name": "Qattyne",
            "email": "test@gmail.com",
            "birth_date": "2003-06-01",
            "gender": true,
            "address": "Homs",
            "phone": "0956626795",
            "image": "",
            "user": 2
        }
    },
    {
        "model": "mobile.comment",
        "pk": 1,
        "fields": {
            "user_id": 2,
            "product_id": 1,
            "comment_text": "wrong name",
            "replay_to": null,
            "created_at": "2025-07-21T19:29:38.736Z",
            "updated_at": "2025-07-21T19:29:38.736Z"
        }
    },
    {
        "model": "mobile.comment",
        "pk": 2,
        "fields": {
            "user_id": 2,
            "product_id": 1,
            "comment_text": "okay",
            "replay_to": 1,
            "created_at": "2025-07-21T19:30:16.122Z",
            "updated_at": "2025-07-21T19:30:16.122Z"
        }
    },
    {
        "model": "mobile.like",
        "pk": 1,
        "fields": {
            "user_id": 2,
            "product_id": 1
        }
    },
    {
        "model": "mobile.save",
        "pk": 1,
        "fields": {
            "user": 2,
            "product": 1,
            "saves_at": "2025-07-21T19:27:31.155Z"
        }
    },
    {
        "model": "mobile.review",
        "pk": 1,
        "fields": {
            "user": 2,
            "product": 1,
            "rating": 5,
            "comment": "thats good",
            "created_at": "2025-07-21T19:29:06.853Z",
            "updated_at": "2025-07-21T19:29:06.853Z"
        }
    },
    {
        "model": "products.unit",
        "pk": 4,
        "fields": {
            "unit": "inches"
        }
    },
    {
        "model": "products.unit",
        "pk": 5,
        "fields": {
            "unit": "GHz"
        }
    },
    {
        "model": "products.attribute",
        "pk": 5,
        "fields": {
            "attribute": "screen_size",
            "attribute_type": "number",
            "is_multivalue": false,
            "is_categorical": false,
            "has_unit": true
        }
    },
    {
        "model": "products.attribute",
        "pk": 6,
        "fields": {
            "attribute": "processor_speed",
            "attribute_type": "number",
            "is_multivalue": false,
            "is_categorical": false,
            "has_unit": true
        }
    },
    {
        "model": "products.attribute",
        "pk": 7,
        "fields": {
            "attribute": "ram",
            "attribute_type": "number",
            "is_multivalue": false,
            "is_categorical": false,
            "has_unit": true
        }
    },
    {
        "model": "products.attribute_unit",
        "pk": 4,
        "fields": {
            "unit": 4,
            "attribute": 5
        }
    },
    {
        "model": "products.attribute_unit",
        "pk": 5,
        "fields": {
            "unit": 5,
            "attribute": 6
        }
    },
    {
        "model": "products.attribute_unit",
        "pk": 6,
        "fields": {
            "unit": 1,
            "attribute": 7
        }
    },
    {
        "model": "products.option",
        "pk": 9,
        "fields": {
            "option": "6.1",
            "attribute": 5
        }
    },
    {
        "model": "products.option",
        "pk": 10,
        "fields": {
            "option": "6.7",
            "attribute": 5
        }
    },
    {
        "model": "products.option",
        "pk": 11,
        "fields": {
            "option": "2.5",
            "attribute": 6
        }
    },
    {
        "model": "products.option",
        "pk": 12,
        "fields": {
            "option": "3.2",
            "attribute": 6
        }
    },
    {
        "model": "products.option",
        "pk": 13,
        "fields": {
            "option": "8",
            "attribute": 7
        }
    },
    {
        "model": "products.option",
        "pk": 14,
        "fields": {
            "option": "12",
            "attribute": 7
        }
    },
    {
        "model": "products.option_unit",
        "pk": 9,
        "fields": {
            "option": 9,
            "unit": 4
        }
    },
    {
        "model": "products.option_unit",
        "pk": 10,
        "fields": {
            "option": 10,
            "unit": 4
        }
    },
    {
        "model": "products.option_unit",
        "pk": 11,
        "fields": {
            "option": 11,
            "unit": 5
        }
    },
    {
        "model": "products.option_unit",
        "pk": 12,
        "fields": {
            "option": 12,
            "unit": 5
        }
    },
    {
        "model": "products.option_unit",
        "pk": 13,
        "fields": {
            "option": 13,
            "unit": 1
        }
    },
    {
        "model": "products.option_unit",
        "pk": 14,
        "fields": {
            "option": 14,
            "unit": 1
        }
    },
    {
        "model": "products.category",
        "pk": 2,
        "fields": {
            "category": "laptop",
            "parent_category": null
        }
    },
    {
        "model": "products.category_attribute",
        "pk": 3,
        "fields": {
            "category": 2,
            "attribute": 5
        }
    },
    {
        "model": "products.category_attribute",
        "pk": 4,
        "fields": {
            "category": 2,
            "attribute": 6
        }
    },
    {
        "model": "products.category_attribute",
        "pk": 5,
        "fields": {
            "category": 2,
            "attribute": 7
        }
    },
    {
        "model": "products.product",
        "pk": 3,
        "fields": {
            "product_name": "dell_xps",
            "category": 2,
            "qr_code": "http://127.0.0.1:8000/media/productqr/laptop-dell_xps-3.png",
            "qr_codes_download": "http://127.0.0.1:8000/media/productqr/laptop-dell_xps-3-download.jpg",
            "linked_products": []
        }
    },
    {
        "model": "products.product",
        "pk": 4,
        "fields": {
            "product_name": "macbook_pro",
            "category": 2,
            "qr_code": "http://127.0.0.1:8000/media/productqr/laptop-macbook_pro-4.png",
            "qr_codes_download": "http://127.0.0.1:8000/media/productqr/laptop-macbook_pro-4-download.jpg",
            "linked_products": []
        }
    },
    {
        "model": "products.variant",
        "pk": 5,
        "fields": {
            "product": 3,
            "quantity": 50,
            "wholesale_price": 1200.0,
            "selling_price": 1500.0,
            "sku": "dell_xps-15inch-2.5GHz-8GB"
        }
    },
    {
        "model": "products.variant",
        "pk": 6,
        "fields": {
            "product": 3,
            "quantity": 30,
            "wholesale_price": 1500.0,
            "selling_price": 1800.0,
            "sku": "dell_xps-15inch-3.2GHz-12GB"
        }
    },
    {
        "model": "products.variant",
        "pk": 7,
        "fields": {
            "product": 4,
            "quantity": 40,
            "wholesale_price": 2000.0,
            "selling_price": 2500.0,
            "sku": "macbook_pro-13inch-2.5GHz-8GB"
        }
    },
    {
        "model": "products.variant",
        "pk": 8,
        "fields": {
            "product": 4,
            "quantity": 25,
            "wholesale_price": 2500.0,
            "selling_price": 3000.0,
            "sku": "macbook_pro-13inch-3.2GHz-12GB"
        }
    },
    {
        "model": "products.variant_option",
        "pk": 9,
        "fields": {
            "variant": 5,
            "option": 9
        }
    },
    {
        "model": "products.variant_option",
        "pk": 10,
        "fields": {
            "variant": 5,
            "option": 11
        }
    },
    {
        "model": "products.variant_option",
        "pk": 11,
        "fields": {
            "variant": 5,
            "option": 13
        }
    },
    {
        "model": "products.variant_option",
        "pk": 12,
        "fields": {
            "variant": 6,
            "option": 9
        }
    },
    {
        "model": "products.variant_option",
        "pk": 13,
        "fields": {
            "variant": 6,
            "option": 12
        }
    },
    {
        "model": "products.variant_option",
        "pk": 14,
        "fields": {
            "variant": 6,
            "option": 14
        }
    },
    {
        "model": "products.variant_option",
        "pk": 15,
        "fields": {
            "variant": 7,
            "option": 10
        }
    },
    {
        "model": "products.variant_option",
        "pk": 16,
        "fields": {
            "variant": 7,
            "option": 11
        }
    },
    {
        "model": "products.variant_option",
        "pk": 17,
        "fields": {
            "variant": 7,
            "option": 13
        }
    },
    {
        "model": "products.variant_option",
        "pk": 18,
        "fields": {
            "variant": 8,
            "option": 10
        }
    },
    {
        "model": "products.variant_option",
        "pk": 19,
        "fields": {
            "variant": 8,
            "option": 12
        }
    },
    {
        "model": "products.variant_option",
        "pk": 20,
        "fields": {
            "variant": 8,
            "option": 14
        }
    },
    {
        "model": "products.transportation",
        "pk": 3,
        "fields": {
            "transportation_status": "confirmed",
            "source": null,
            "destination": 1,
            "code": "d8e7f6a5",
            "created_at": "2025-07-22T10:00:00.000Z",
            "transported_at": "2025-07-22T10:30:00.000Z",
            "received_at": "2025-07-22T11:00:00.000Z"
        }
    },
    {
        "model": "products.transported_products",
        "pk": 3,
        "fields": {
            "transportation": 3,
            "product": 3,
            "quantity": 20
        }
    },
    {
        "model": "products.transported_products",
        "pk": 4,
        "fields": {
            "transportation": 3,
            "product": 4,
            "quantity": 15
        }
    },
    {
        "model": "products.received_products",
        "pk": 3,
        "fields": {
            "transportation": 3,
            "product": 3,
            "quantity": 20
        }
    },
    {
        "model": "products.received_products",
        "pk": 4,
        "fields": {
            "transportation": 3,
            "product": 4,
            "quantity": 15
        }
    },
    {
        "model": "branches.branch_products",
        "pk": 3,
        "fields": {
            "branch": 1,
            "product": 3,
            "quantity": 20
        }
    },
    {
        "model": "branches.branch_products",
        "pk": 4,
        "fields": {
            "branch": 1,
            "product": 4,
            "quantity": 15
        }
    },
    {
        "model": "mobile.like",
        "pk": 2,
        "fields": {
            "user_id": 2,
            "product_id": 3
        }
    },
    {
        "model": "mobile.like",
        "pk": 3,
        "fields": {
            "user_id": 2,
            "product_id": 4
        }
    },
    {
        "model": "mobile.save",
        "pk": 2,
        "fields": {
            "user": 2,
            "product": 3,
            "saves_at": "2025-07-22T12:00:00.000Z"
        }
    },
    {
        "model": "mobile.save",
        "pk": 3,
        "fields": {
            "user": 2,
            "product": 4,
            "saves_at": "2025-07-22T12:30:00.000Z"
        }
    },
    {
        "model": "mobile.review",
        "pk": 2,
        "fields": {
            "user": 2,
            "product": 3,
            "rating": 4,
            "comment": "Great laptop, fast performance",
            "created_at": "2025-07-22T13:00:00.000Z",
            "updated_at": "2025-07-22T13:00:00.000Z"
        }
    },
    {
        "model": "mobile.review",
        "pk": 3,
        "fields": {
            "user": 2,
            "product": 4,
            "rating": 5,
            "comment": "Excellent build quality and battery life",
            "created_at": "2025-07-22T13:30:00.000Z",
            "updated_at": "2025-07-22T13:30:00.000Z"
        }
    },
    {
        "model": "mobile.comment",
        "pk": 3,
        "fields": {
            "user_id": 2,
            "product_id": 3,
            "comment_text": "How's the battery life?",
            "replay_to": null,
            "created_at": "2025-07-22T14:00:00.000Z",
            "updated_at": "2025-07-22T14:00:00.000Z"
        }
    },
    {
        "model": "mobile.comment",
        "pk": 4,
        "fields": {
            "user_id": 2,
            "product_id": 4,
            "comment_text": "Worth the price?",
            "replay_to": null,
            "created_at": "2025-07-22T14:30:00.000Z",
            "updated_at": "2025-07-22T14:30:00.000Z"
        }
    },
    {
        "model": "products.unit",
        "pk": 6,
        "fields": {
            "unit": "Mp"
        }
    },
    {
        "model": "products.unit",
        "pk": 7,
        "fields": {
            "unit": "hours"
        }
    },
    {
        "model": "products.unit",
        "pk": 8,
        "fields": {
            "unit": "W"
        }
    },
    {
        "model": "products.attribute",
        "pk": 8,
        "fields": {
            "attribute": "camera_quality",
            "attribute_type": "number",
            "is_multivalue": false,
            "is_categorical": false,
            "has_unit": true
        }
    },
    {
        "model": "products.attribute",
        "pk": 9,
        "fields": {
            "attribute": "battery_life",
            "attribute_type": "number",
            "is_multivalue": false,
            "is_categorical": false,
            "has_unit": true
        }
    },
    {
        "model": "products.attribute",
        "pk": 10,
        "fields": {
            "attribute": "charging_speed",
            "attribute_type": "number",
            "is_multivalue": false,
            "is_categorical": false,
            "has_unit": true
        }
    },
    {
        "model": "products.attribute",
        "pk": 11,
        "fields": {
            "attribute": "refresh_rate",
            "attribute_type": "number",
            "is_multivalue": false,
            "is_categorical": false,
            "has_unit": true
        }
    },
    {
        "model": "products.attribute",
        "pk": 12,
        "fields": {
            "attribute": "storage_type",
            "attribute_type": "text",
            "is_multivalue": false,
            "is_categorical": true,
            "has_unit": false
        }
    },
    {
        "model": "products.attribute_unit",
        "pk": 7,
        "fields": {
            "unit": 6,
            "attribute": 8
        }
    },
    {
        "model": "products.attribute_unit",
        "pk": 8,
        "fields": {
            "unit": 7,
            "attribute": 9
        }
    },
    {
        "model": "products.attribute_unit",
        "pk": 9,
        "fields": {
            "unit": 8,
            "attribute": 10
        }
    },
    {
        "model": "products.attribute_unit",
        "pk": 10,
        "fields": {
            "unit": 1,
            "attribute": 11
        }
    },
    {
        "model": "products.option",
        "pk": 15,
        "fields": {
            "option": "48",
            "attribute": 8
        }
    },
    {
        "model": "products.option",
        "pk": 16,
        "fields": {
            "option": "64",
            "attribute": 8
        }
    },
    {
        "model": "products.option",
        "pk": 17,
        "fields": {
            "option": "10",
            "attribute": 9
        }
    },
    {
        "model": "products.option",
        "pk": 18,
        "fields": {
            "option": "15",
            "attribute": 9
        }
    },
    {
        "model": "products.option",
        "pk": 19,
        "fields": {
            "option": "25",
            "attribute": 10
        }
    },
    {
        "model": "products.option",
        "pk": 20,
        "fields": {
            "option": "45",
            "attribute": 10
        }
    },
    {
        "model": "products.option",
        "pk": 21,
        "fields": {
            "option": "90",
            "attribute": 11
        }
    },
    {
        "model": "products.option",
        "pk": 22,
        "fields": {
            "option": "120",
            "attribute": 11
        }
    },
    {
        "model": "products.option",
        "pk": 23,
        "fields": {
            "option": "SSD",
            "attribute": 12
        }
    },
    {
        "model": "products.option",
        "pk": 24,
        "fields": {
            "option": "HDD",
            "attribute": 12
        }
    },
    {
        "model": "products.option_unit",
        "pk": 15,
        "fields": {
            "option": 15,
            "unit": 6
        }
    },
    {
        "model": "products.option_unit",
        "pk": 16,
        "fields": {
            "option": 16,
            "unit": 6
        }
    },
    {
        "model": "products.option_unit",
        "pk": 17,
        "fields": {
            "option": 17,
            "unit": 7
        }
    },
    {
        "model": "products.option_unit",
        "pk": 18,
        "fields": {
            "option": 18,
            "unit": 7
        }
    },
    {
        "model": "products.option_unit",
        "pk": 19,
        "fields": {
            "option": 19,
            "unit": 8
        }
    },
    {
        "model": "products.option_unit",
        "pk": 20,
        "fields": {
            "option": 20,
            "unit": 8
        }
    },
    {
        "model": "products.option_unit",
        "pk": 21,
        "fields": {
            "option": 21,
            "unit": 1
        }
    },
    {
        "model": "products.option_unit",
        "pk": 22,
        "fields": {
            "option": 22,
            "unit": 1
        }
    },
    {
        "model": "products.category",
        "pk": 3,
        "fields": {
            "category": "tablet",
            "parent_category": null
        }
    },
    {
        "model": "products.category",
        "pk": 4,
        "fields": {
            "category": "smartwatch",
            "parent_category": null
        }
    },
    {
        "model": "products.category",
        "pk": 5,
        "fields": {
            "category": "camera",
            "parent_category": null
        }
    },
    {
        "model": "products.category_attribute",
        "pk": 6,
        "fields": {
            "category": 3,
            "attribute": 5
        }
    },
    {
        "model": "products.category_attribute",
        "pk": 7,
        "fields": {
            "category": 3,
            "attribute": 7
        }
    },
    {
        "model": "products.category_attribute",
        "pk": 8,
        "fields": {
            "category": 3,
            "attribute": 9
        }
    },
    {
        "model": "products.category_attribute",
        "pk": 9,
        "fields": {
            "category": 4,
            "attribute": 9
        }
    },
    {
        "model": "products.category_attribute",
        "pk": 10,
        "fields": {
            "category": 4,
            "attribute": 11
        }
    },
    {
        "model": "products.category_attribute",
        "pk": 11,
        "fields": {
            "category": 5,
            "attribute": 8
        }
    },
    {
        "model": "products.category_attribute",
        "pk": 12,
        "fields": {
            "category": 5,
            "attribute": 9
        }
    },
    {
        "model": "products.product",
        "pk": 5,
        "fields": {
            "product_name": "ipad_air",
            "category": 3,
            "qr_code": "http://127.0.0.1:8000/media/productqr/tablet-ipad_air-5.png",
            "qr_codes_download": "http://127.0.0.1:8000/media/productqr/tablet-ipad_air-5-download.jpg",
            "linked_products": []
        }
    },
    {
        "model": "products.product",
        "pk": 6,
        "fields": {
            "product_name": "samsung_tab",
            "category": 3,
            "qr_code": "http://127.0.0.1:8000/media/productqr/tablet-samsung_tab-6.png",
            "qr_codes_download": "http://127.0.0.1:8000/media/productqr/tablet-samsung_tab-6-download.jpg",
            "linked_products": []
        }
    },
    {
        "model": "products.product",
        "pk": 7,
        "fields": {
            "product_name": "apple_watch",
            "category": 4,
            "qr_code": "http://127.0.0.1:8000/media/productqr/smartwatch-apple_watch-7.png",
            "qr_codes_download": "http://127.0.0.1:8000/media/productqr/smartwatch-apple_watch-7-download.jpg",
            "linked_products": []
        }
    },
    {
        "model": "products.product",
        "pk": 8,
        "fields": {
            "product_name": "canon_eos",
            "category": 5,
            "qr_code": "http://127.0.0.1:8000/media/productqr/camera-canon_eos-8.png",
            "qr_codes_download": "http://127.0.0.1:8000/media/productqr/camera-canon_eos-8-download.jpg",
            "linked_products": []
        }
    },
    {
        "model": "products.variant",
        "pk": 9,
        "fields": {
            "product": 5,
            "quantity": 35,
            "wholesale_price": 600.0,
            "selling_price": 750.0,
            "sku": "ipad_air-10.9inch-8GB-10hours"
        }
    },
    {
        "model": "products.variant",
        "pk": 10,
        "fields": {
            "product": 5,
            "quantity": 25,
            "wholesale_price": 800.0,
            "selling_price": 950.0,
            "sku": "ipad_air-10.9inch-12GB-15hours"
        }
    },
    {
        "model": "products.variant",
        "pk": 11,
        "fields": {
            "product": 6,
            "quantity": 40,
            "wholesale_price": 400.0,
            "selling_price": 500.0,
            "sku": "samsung_tab-10.4inch-8GB-10hours"
        }
    },
    {
        "model": "products.variant",
        "pk": 12,
        "fields": {
            "product": 6,
            "quantity": 30,
            "wholesale_price": 500.0,
            "selling_price": 600.0,
            "sku": "samsung_tab-10.4inch-12GB-15hours"
        }
    },
    {
        "model": "products.variant",
        "pk": 13,
        "fields": {
            "product": 7,
            "quantity": 50,
            "wholesale_price": 300.0,
            "selling_price": 400.0,
            "sku": "apple_watch-18hours-90Hz"
        }
    },
    {
        "model": "products.variant",
        "pk": 14,
        "fields": {
            "product": 7,
            "quantity": 35,
            "wholesale_price": 400.0,
            "selling_price": 500.0,
            "sku": "apple_watch-24hours-120Hz"
        }
    },
    {
        "model": "products.variant",
        "pk": 15,
        "fields": {
            "product": 8,
            "quantity": 20,
            "wholesale_price": 800.0,
            "selling_price": 1000.0,
            "sku": "canon_eos-48MP-15hours"
        }
    },
    {
        "model": "products.variant",
        "pk": 16,
        "fields": {
            "product": 8,
            "quantity": 15,
            "wholesale_price": 1000.0,
            "selling_price": 1200.0,
            "sku": "canon_eos-64MP-20hours"
        }
    },
    {
        "model": "products.variant_option",
        "pk": 21,
        "fields": {
            "variant": 9,
            "option": 10
        }
    },
    {
        "model": "products.variant_option",
        "pk": 22,
        "fields": {
            "variant": 9,
            "option": 13
        }
    },
    {
        "model": "products.variant_option",
        "pk": 23,
        "fields": {
            "variant": 9,
            "option": 17
        }
    },
    {
        "model": "products.variant_option",
        "pk": 24,
        "fields": {
            "variant": 10,
            "option": 10
        }
    },
    {
        "model": "products.variant_option",
        "pk": 25,
        "fields": {
            "variant": 10,
            "option": 14
        }
    },
    {
        "model": "products.variant_option",
        "pk": 26,
        "fields": {
            "variant": 10,
            "option": 18
        }
    },
    {
        "model": "products.variant_option",
        "pk": 27,
        "fields": {
            "variant": 11,
            "option": 10
        }
    },
    {
        "model": "products.variant_option",
        "pk": 28,
        "fields": {
            "variant": 11,
            "option": 13
        }
    },
    {
        "model": "products.variant_option",
        "pk": 29,
        "fields": {
            "variant": 11,
            "option": 17
        }
    },
    {
        "model": "products.variant_option",
        "pk": 30,
        "fields": {
            "variant": 12,
            "option": 10
        }
    },
    {
        "model": "products.variant_option",
        "pk": 31,
        "fields": {
            "variant": 12,
            "option": 14
        }
    },
    {
        "model": "products.variant_option",
        "pk": 32,
        "fields": {
            "variant": 12,
            "option": 18
        }
    },
    {
        "model": "products.variant_option",
        "pk": 33,
        "fields": {
            "variant": 13,
            "option": 18
        }
    },
    {
        "model": "products.variant_option",
        "pk": 34,
        "fields": {
            "variant": 13,
            "option": 21
        }
    },
    {
        "model": "products.variant_option",
        "pk": 35,
        "fields": {
            "variant": 14,
            "option": 18
        }
    },
    {
        "model": "products.variant_option",
        "pk": 36,
        "fields": {
            "variant": 14,
            "option": 22
        }
    },
    {
        "model": "products.variant_option",
        "pk": 37,
        "fields": {
            "variant": 15,
            "option": 15
        }
    },
    {
        "model": "products.variant_option",
        "pk": 38,
        "fields": {
            "variant": 15,
            "option": 17
        }
    },
    {
        "model": "products.variant_option",
        "pk": 39,
        "fields": {
            "variant": 16,
            "option": 16
        }
    },
    {
        "model": "products.variant_option",
        "pk": 40,
        "fields": {
            "variant": 16,
            "option": 18
        }
    },
    {
        "model": "products.transportation",
        "pk": 4,
        "fields": {
            "transportation_status": "confirmed",
            "source": null,
            "destination": 1,
            "code": "a1b2c3d4",
            "created_at": "2025-07-23T09:00:00.000Z",
            "transported_at": "2025-07-23T09:30:00.000Z",
            "received_at": "2025-07-23T10:00:00.000Z"
        }
    },
    {
        "model": "products.transported_products",
        "pk": 5,
        "fields": {
            "transportation": 4,
            "product": 5,
            "quantity": 25
        }
    },
    {
        "model": "products.transported_products",
        "pk": 6,
        "fields": {
            "transportation": 4,
            "product": 6,
            "quantity": 30
        }
    },
    {
        "model": "products.transported_products",
        "pk": 7,
        "fields": {
            "transportation": 4,
            "product": 7,
            "quantity": 40
        }
    },
    {
        "model": "products.transported_products",
        "pk": 8,
        "fields": {
            "transportation": 4,
            "product": 8,
            "quantity": 15
        }
    },
    {
        "model": "products.received_products",
        "pk": 5,
        "fields": {
            "transportation": 4,
            "product": 5,
            "quantity": 25
        }
    },
    {
        "model": "products.received_products",
        "pk": 6,
        "fields": {
            "transportation": 4,
            "product": 6,
            "quantity": 30
        }
    },
    {
        "model": "products.received_products",
        "pk": 7,
        "fields": {
            "transportation": 4,
            "product": 7,
            "quantity": 40
        }
    },
    {
        "model": "products.received_products",
        "pk": 8,
        "fields": {
            "transportation": 4,
            "product": 8,
            "quantity": 15
        }
    },
    {
        "model": "branches.branch_products",
        "pk": 5,
        "fields": {
            "branch": 1,
            "product": 5,
            "quantity": 25
        }
    },
    {
        "model": "branches.branch_products",
        "pk": 6,
        "fields": {
            "branch": 1,
            "product": 6,
            "quantity": 30
        }
    },
    {
        "model": "branches.branch_products",
        "pk": 7,
        "fields": {
            "branch": 1,
            "product": 7,
            "quantity": 40
        }
    },
    {
        "model": "branches.branch_products",
        "pk": 8,
        "fields": {
            "branch": 1,
            "product": 8,
            "quantity": 15
        }
    },
    {
        "model": "mobile.like",
        "pk": 4,
        "fields": {
            "user_id": 2,
            "product_id": 5
        }
    },
    {
        "model": "mobile.like",
        "pk": 5,
        "fields": {
            "user_id": 2,
            "product_id": 6
        }
    },
    {
        "model": "mobile.like",
        "pk": 6,
        "fields": {
            "user_id": 2,
            "product_id": 7
        }
    },
    {
        "model": "mobile.like",
        "pk": 7,
        "fields": {
            "user_id": 2,
            "product_id": 8
        }
    },
    {
        "model": "mobile.save",
        "pk": 4,
        "fields": {
            "user": 2,
            "product": 5,
            "saves_at": "2025-07-23T11:00:00.000Z"
        }
    },
    {
        "model": "mobile.save",
        "pk": 5,
        "fields": {
            "user": 2,
            "product": 6,
            "saves_at": "2025-07-23T11:30:00.000Z"
        }
    },
    {
        "model": "mobile.save",
        "pk": 6,
        "fields": {
            "user": 2,
            "product": 7,
            "saves_at": "2025-07-23T12:00:00.000Z"
        }
    },
    {
        "model": "mobile.save",
        "pk": 7,
        "fields": {
            "user": 2,
            "product": 8,
            "saves_at": "2025-07-23T12:30:00.000Z"
        }
    },
    {
        "model": "mobile.review",
        "pk": 4,
        "fields": {
            "user": 2,
            "product": 5,
            "rating": 4,
            "comment": "Great tablet for work and entertainment",
            "created_at": "2025-07-23T13:00:00.000Z",
            "updated_at": "2025-07-23T13:00:00.000Z"
        }
    },
    {
        "model": "mobile.review",
        "pk": 5,
        "fields": {
            "user": 2,
            "product": 6,
            "rating": 3,
            "comment": "Good value for money",
            "created_at": "2025-07-23T13:30:00.000Z",
            "updated_at": "2025-07-23T13:30:00.000Z"
        }
    },
    {
        "model": "mobile.review",
        "pk": 6,
        "fields": {
            "user": 2,
            "product": 7,
            "rating": 5,
            "comment": "Perfect fitness companion",
            "created_at": "2025-07-23T14:00:00.000Z",
            "updated_at": "2025-07-23T14:00:00.000Z"
        }
    },
    {
        "model": "mobile.review",
        "pk": 7,
        "fields": {
            "user": 2,
            "product": 8,
            "rating": 4,
            "comment": "Excellent camera quality",
            "created_at": "2025-07-23T14:30:00.000Z",
            "updated_at": "2025-07-23T14:30:00.000Z"
        }
    }
]