[
    {
        "model": "auth.permission",
        "pk": 1,
        "fields": {
            "name": "Can add log entry",
            "content_type": 1,
            "codename": "add_logentry"
        }
    },
    {
        "model": "auth.permission",
        "pk": 2,
        "fields": {
            "name": "Can change log entry",
            "content_type": 1,
            "codename": "change_logentry"
        }
    },
    {
        "model": "auth.permission",
        "pk": 3,
        "fields": {
            "name": "Can delete log entry",
            "content_type": 1,
            "codename": "delete_logentry"
        }
    },
    {
        "model": "auth.permission",
        "pk": 4,
        "fields": {
            "name": "Can view log entry",
            "content_type": 1,
            "codename": "view_logentry"
        }
    },
    {
        "model": "auth.permission",
        "pk": 5,
        "fields": {
            "name": "Can add permission",
            "content_type": 2,
            "codename": "add_permission"
        }
    },
    {
        "model": "auth.permission",
        "pk": 6,
        "fields": {
            "name": "Can change permission",
            "content_type": 2,
            "codename": "change_permission"
        }
    },
    {
        "model": "auth.permission",
        "pk": 7,
        "fields": {
            "name": "Can delete permission",
            "content_type": 2,
            "codename": "delete_permission"
        }
    },
    {
        "model": "auth.permission",
        "pk": 8,
        "fields": {
            "name": "Can view permission",
            "content_type": 2,
            "codename": "view_permission"
        }
    },
    {
        "model": "auth.permission",
        "pk": 9,
        "fields": {
            "name": "Can add group",
            "content_type": 3,
            "codename": "add_group"
        }
    },
    {
        "model": "auth.permission",
        "pk": 10,
        "fields": {
            "name": "Can change group",
            "content_type": 3,
            "codename": "change_group"
        }
    },
    {
        "model": "auth.permission",
        "pk": 11,
        "fields": {
            "name": "Can delete group",
            "content_type": 3,
            "codename": "delete_group"
        }
    },
    {
        "model": "auth.permission",
        "pk": 12,
        "fields": {
            "name": "Can view group",
            "content_type": 3,
            "codename": "view_group"
        }
    },
    {
        "model": "auth.permission",
        "pk": 13,
        "fields": {
            "name": "Can add content type",
            "content_type": 4,
            "codename": "add_contenttype"
        }
    },
    {
        "model": "auth.permission",
        "pk": 14,
        "fields": {
            "name": "Can change content type",
            "content_type": 4,
            "codename": "change_contenttype"
        }
    },
    {
        "model": "auth.permission",
        "pk": 15,
        "fields": {
            "name": "Can delete content type",
            "content_type": 4,
            "codename": "delete_contenttype"
        }
    },
    {
        "model": "auth.permission",
        "pk": 16,
        "fields": {
            "name": "Can view content type",
            "content_type": 4,
            "codename": "view_contenttype"
        }
    },
    {
        "model": "auth.permission",
        "pk": 17,
        "fields": {
            "name": "Can add session",
            "content_type": 5,
            "codename": "add_session"
        }
    },
    {
        "model": "auth.permission",
        "pk": 18,
        "fields": {
            "name": "Can change session",
            "content_type": 5,
            "codename": "change_session"
        }
    },
    {
        "model": "auth.permission",
        "pk": 19,
        "fields": {
            "name": "Can delete session",
            "content_type": 5,
            "codename": "delete_session"
        }
    },
    {
        "model": "auth.permission",
        "pk": 20,
        "fields": {
            "name": "Can view session",
            "content_type": 5,
            "codename": "view_session"
        }
    },
    {
        "model": "auth.permission",
        "pk": 21,
        "fields": {
            "name": "Can add Token",
            "content_type": 6,
            "codename": "add_token"
        }
    },
    {
        "model": "auth.permission",
        "pk": 22,
        "fields": {
            "name": "Can change Token",
            "content_type": 6,
            "codename": "change_token"
        }
    },
    {
        "model": "auth.permission",
        "pk": 23,
        "fields": {
            "name": "Can delete Token",
            "content_type": 6,
            "codename": "delete_token"
        }
    },
    {
        "model": "auth.permission",
        "pk": 24,
        "fields": {
            "name": "Can view Token",
            "content_type": 6,
            "codename": "view_token"
        }
    },
    {
        "model": "auth.permission",
        "pk": 25,
        "fields": {
            "name": "Can add Token",
            "content_type": 7,
            "codename": "add_tokenproxy"
        }
    },
    {
        "model": "auth.permission",
        "pk": 26,
        "fields": {
            "name": "Can change Token",
            "content_type": 7,
            "codename": "change_tokenproxy"
        }
    },
    {
        "model": "auth.permission",
        "pk": 27,
        "fields": {
            "name": "Can delete Token",
            "content_type": 7,
            "codename": "delete_tokenproxy"
        }
    },
    {
        "model": "auth.permission",
        "pk": 28,
        "fields": {
            "name": "Can view Token",
            "content_type": 7,
            "codename": "view_tokenproxy"
        }
    },
    {
        "model": "auth.permission",
        "pk": 29,
        "fields": {
            "name": "Can add user",
            "content_type": 8,
            "codename": "add_user"
        }
    },
    {
        "model": "auth.permission",
        "pk": 30,
        "fields": {
            "name": "Can change user",
            "content_type": 8,
            "codename": "change_user"
        }
    },
    {
        "model": "auth.permission",
        "pk": 31,
        "fields": {
            "name": "Can delete user",
            "content_type": 8,
            "codename": "delete_user"
        }
    },
    {
        "model": "auth.permission",
        "pk": 32,
        "fields": {
            "name": "Can view user",
            "content_type": 8,
            "codename": "view_user"
        }
    },
    {
        "model": "auth.permission",
        "pk": 33,
        "fields": {
            "name": "Can add employee_ user",
            "content_type": 9,
            "codename": "add_employee_user"
        }
    },
    {
        "model": "auth.permission",
        "pk": 34,
        "fields": {
            "name": "Can change employee_ user",
            "content_type": 9,
            "codename": "change_employee_user"
        }
    },
    {
        "model": "auth.permission",
        "pk": 35,
        "fields": {
            "name": "Can delete employee_ user",
            "content_type": 9,
            "codename": "delete_employee_user"
        }
    },
    {
        "model": "auth.permission",
        "pk": 36,
        "fields": {
            "name": "Can view employee_ user",
            "content_type": 9,
            "codename": "view_employee_user"
        }
    },
    {
        "model": "auth.permission",
        "pk": 37,
        "fields": {
            "name": "Can add attribute",
            "content_type": 10,
            "codename": "add_attribute"
        }
    },
    {
        "model": "auth.permission",
        "pk": 38,
        "fields": {
            "name": "Can change attribute",
            "content_type": 10,
            "codename": "change_attribute"
        }
    },
    {
        "model": "auth.permission",
        "pk": 39,
        "fields": {
            "name": "Can delete attribute",
            "content_type": 10,
            "codename": "delete_attribute"
        }
    },
    {
        "model": "auth.permission",
        "pk": 40,
        "fields": {
            "name": "Can view attribute",
            "content_type": 10,
            "codename": "view_attribute"
        }
    },
    {
        "model": "auth.permission",
        "pk": 41,
        "fields": {
            "name": "Can add unit",
            "content_type": 11,
            "codename": "add_unit"
        }
    },
    {
        "model": "auth.permission",
        "pk": 42,
        "fields": {
            "name": "Can change unit",
            "content_type": 11,
            "codename": "change_unit"
        }
    },
    {
        "model": "auth.permission",
        "pk": 43,
        "fields": {
            "name": "Can delete unit",
            "content_type": 11,
            "codename": "delete_unit"
        }
    },
    {
        "model": "auth.permission",
        "pk": 44,
        "fields": {
            "name": "Can view unit",
            "content_type": 11,
            "codename": "view_unit"
        }
    },
    {
        "model": "auth.permission",
        "pk": 45,
        "fields": {
            "name": "Can add category",
            "content_type": 12,
            "codename": "add_category"
        }
    },
    {
        "model": "auth.permission",
        "pk": 46,
        "fields": {
            "name": "Can change category",
            "content_type": 12,
            "codename": "change_category"
        }
    },
    {
        "model": "auth.permission",
        "pk": 47,
        "fields": {
            "name": "Can delete category",
            "content_type": 12,
            "codename": "delete_category"
        }
    },
    {
        "model": "auth.permission",
        "pk": 48,
        "fields": {
            "name": "Can view category",
            "content_type": 12,
            "codename": "view_category"
        }
    },
    {
        "model": "auth.permission",
        "pk": 49,
        "fields": {
            "name": "Can add category_ attribute",
            "content_type": 13,
            "codename": "add_category_attribute"
        }
    },
    {
        "model": "auth.permission",
        "pk": 50,
        "fields": {
            "name": "Can change category_ attribute",
            "content_type": 13,
            "codename": "change_category_attribute"
        }
    },
    {
        "model": "auth.permission",
        "pk": 51,
        "fields": {
            "name": "Can delete category_ attribute",
            "content_type": 13,
            "codename": "delete_category_attribute"
        }
    },
    {
        "model": "auth.permission",
        "pk": 52,
        "fields": {
            "name": "Can view category_ attribute",
            "content_type": 13,
            "codename": "view_category_attribute"
        }
    },
    {
        "model": "auth.permission",
        "pk": 53,
        "fields": {
            "name": "Can add option",
            "content_type": 14,
            "codename": "add_option"
        }
    },
    {
        "model": "auth.permission",
        "pk": 54,
        "fields": {
            "name": "Can change option",
            "content_type": 14,
            "codename": "change_option"
        }
    },
    {
        "model": "auth.permission",
        "pk": 55,
        "fields": {
            "name": "Can delete option",
            "content_type": 14,
            "codename": "delete_option"
        }
    },
    {
        "model": "auth.permission",
        "pk": 56,
        "fields": {
            "name": "Can view option",
            "content_type": 14,
            "codename": "view_option"
        }
    },
    {
        "model": "auth.permission",
        "pk": 57,
        "fields": {
            "name": "Can add product",
            "content_type": 15,
            "codename": "add_product"
        }
    },
    {
        "model": "auth.permission",
        "pk": 58,
        "fields": {
            "name": "Can change product",
            "content_type": 15,
            "codename": "change_product"
        }
    },
    {
        "model": "auth.permission",
        "pk": 59,
        "fields": {
            "name": "Can delete product",
            "content_type": 15,
            "codename": "delete_product"
        }
    },
    {
        "model": "auth.permission",
        "pk": 60,
        "fields": {
            "name": "Can view product",
            "content_type": 15,
            "codename": "view_product"
        }
    },
    {
        "model": "auth.permission",
        "pk": 61,
        "fields": {
            "name": "Can add linked_products",
            "content_type": 16,
            "codename": "add_linked_products"
        }
    },
    {
        "model": "auth.permission",
        "pk": 62,
        "fields": {
            "name": "Can change linked_products",
            "content_type": 16,
            "codename": "change_linked_products"
        }
    },
    {
        "model": "auth.permission",
        "pk": 63,
        "fields": {
            "name": "Can delete linked_products",
            "content_type": 16,
            "codename": "delete_linked_products"
        }
    },
    {
        "model": "auth.permission",
        "pk": 64,
        "fields": {
            "name": "Can view linked_products",
            "content_type": 16,
            "codename": "view_linked_products"
        }
    },
    {
        "model": "auth.permission",
        "pk": 65,
        "fields": {
            "name": "Can add transportation",
            "content_type": 17,
            "codename": "add_transportation"
        }
    },
    {
        "model": "auth.permission",
        "pk": 66,
        "fields": {
            "name": "Can change transportation",
            "content_type": 17,
            "codename": "change_transportation"
        }
    },
    {
        "model": "auth.permission",
        "pk": 67,
        "fields": {
            "name": "Can delete transportation",
            "content_type": 17,
            "codename": "delete_transportation"
        }
    },
    {
        "model": "auth.permission",
        "pk": 68,
        "fields": {
            "name": "Can view transportation",
            "content_type": 17,
            "codename": "view_transportation"
        }
    },
    {
        "model": "auth.permission",
        "pk": 69,
        "fields": {
            "name": "Can add transport_ request",
            "content_type": 18,
            "codename": "add_transport_request"
        }
    },
    {
        "model": "auth.permission",
        "pk": 70,
        "fields": {
            "name": "Can change transport_ request",
            "content_type": 18,
            "codename": "change_transport_request"
        }
    },
    {
        "model": "auth.permission",
        "pk": 71,
        "fields": {
            "name": "Can delete transport_ request",
            "content_type": 18,
            "codename": "delete_transport_request"
        }
    },
    {
        "model": "auth.permission",
        "pk": 72,
        "fields": {
            "name": "Can view transport_ request",
            "content_type": 18,
            "codename": "view_transport_request"
        }
    },
    {
        "model": "auth.permission",
        "pk": 73,
        "fields": {
            "name": "Can add option_ unit",
            "content_type": 19,
            "codename": "add_option_unit"
        }
    },
    {
        "model": "auth.permission",
        "pk": 74,
        "fields": {
            "name": "Can change option_ unit",
            "content_type": 19,
            "codename": "change_option_unit"
        }
    },
    {
        "model": "auth.permission",
        "pk": 75,
        "fields": {
            "name": "Can delete option_ unit",
            "content_type": 19,
            "codename": "delete_option_unit"
        }
    },
    {
        "model": "auth.permission",
        "pk": 76,
        "fields": {
            "name": "Can view option_ unit",
            "content_type": 19,
            "codename": "view_option_unit"
        }
    },
    {
        "model": "auth.permission",
        "pk": 77,
        "fields": {
            "name": "Can add attribute_ unit",
            "content_type": 20,
            "codename": "add_attribute_unit"
        }
    },
    {
        "model": "auth.permission",
        "pk": 78,
        "fields": {
            "name": "Can change attribute_ unit",
            "content_type": 20,
            "codename": "change_attribute_unit"
        }
    },
    {
        "model": "auth.permission",
        "pk": 79,
        "fields": {
            "name": "Can delete attribute_ unit",
            "content_type": 20,
            "codename": "delete_attribute_unit"
        }
    },
    {
        "model": "auth.permission",
        "pk": 80,
        "fields": {
            "name": "Can view attribute_ unit",
            "content_type": 20,
            "codename": "view_attribute_unit"
        }
    },
    {
        "model": "auth.permission",
        "pk": 81,
        "fields": {
            "name": "Can add variant",
            "content_type": 21,
            "codename": "add_variant"
        }
    },
    {
        "model": "auth.permission",
        "pk": 82,
        "fields": {
            "name": "Can change variant",
            "content_type": 21,
            "codename": "change_variant"
        }
    },
    {
        "model": "auth.permission",
        "pk": 83,
        "fields": {
            "name": "Can delete variant",
            "content_type": 21,
            "codename": "delete_variant"
        }
    },
    {
        "model": "auth.permission",
        "pk": 84,
        "fields": {
            "name": "Can view variant",
            "content_type": 21,
            "codename": "view_variant"
        }
    },
    {
        "model": "auth.permission",
        "pk": 85,
        "fields": {
            "name": "Can add transported_ products",
            "content_type": 22,
            "codename": "add_transported_products"
        }
    },
    {
        "model": "auth.permission",
        "pk": 86,
        "fields": {
            "name": "Can change transported_ products",
            "content_type": 22,
            "codename": "change_transported_products"
        }
    },
    {
        "model": "auth.permission",
        "pk": 87,
        "fields": {
            "name": "Can delete transported_ products",
            "content_type": 22,
            "codename": "delete_transported_products"
        }
    },
    {
        "model": "auth.permission",
        "pk": 88,
        "fields": {
            "name": "Can view transported_ products",
            "content_type": 22,
            "codename": "view_transported_products"
        }
    },
    {
        "model": "auth.permission",
        "pk": 89,
        "fields": {
            "name": "Can add requested_ products",
            "content_type": 23,
            "codename": "add_requested_products"
        }
    },
    {
        "model": "auth.permission",
        "pk": 90,
        "fields": {
            "name": "Can change requested_ products",
            "content_type": 23,
            "codename": "change_requested_products"
        }
    },
    {
        "model": "auth.permission",
        "pk": 91,
        "fields": {
            "name": "Can delete requested_ products",
            "content_type": 23,
            "codename": "delete_requested_products"
        }
    },
    {
        "model": "auth.permission",
        "pk": 92,
        "fields": {
            "name": "Can view requested_ products",
            "content_type": 23,
            "codename": "view_requested_products"
        }
    },
    {
        "model": "auth.permission",
        "pk": 93,
        "fields": {
            "name": "Can add received_ products",
            "content_type": 24,
            "codename": "add_received_products"
        }
    },
    {
        "model": "auth.permission",
        "pk": 94,
        "fields": {
            "name": "Can change received_ products",
            "content_type": 24,
            "codename": "change_received_products"
        }
    },
    {
        "model": "auth.permission",
        "pk": 95,
        "fields": {
            "name": "Can delete received_ products",
            "content_type": 24,
            "codename": "delete_received_products"
        }
    },
    {
        "model": "auth.permission",
        "pk": 96,
        "fields": {
            "name": "Can view received_ products",
            "content_type": 24,
            "codename": "view_received_products"
        }
    },
    {
        "model": "auth.permission",
        "pk": 97,
        "fields": {
            "name": "Can add variant_ option",
            "content_type": 25,
            "codename": "add_variant_option"
        }
    },
    {
        "model": "auth.permission",
        "pk": 98,
        "fields": {
            "name": "Can change variant_ option",
            "content_type": 25,
            "codename": "change_variant_option"
        }
    },
    {
        "model": "auth.permission",
        "pk": 99,
        "fields": {
            "name": "Can delete variant_ option",
            "content_type": 25,
            "codename": "delete_variant_option"
        }
    },
    {
        "model": "auth.permission",
        "pk": 100,
        "fields": {
            "name": "Can view variant_ option",
            "content_type": 25,
            "codename": "view_variant_option"
        }
    },
    {
        "model": "auth.permission",
        "pk": 101,
        "fields": {
            "name": "Can add product_ image",
            "content_type": 26,
            "codename": "add_product_image"
        }
    },
    {
        "model": "auth.permission",
        "pk": 102,
        "fields": {
            "name": "Can change product_ image",
            "content_type": 26,
            "codename": "change_product_image"
        }
    },
    {
        "model": "auth.permission",
        "pk": 103,
        "fields": {
            "name": "Can delete product_ image",
            "content_type": 26,
            "codename": "delete_product_image"
        }
    },
    {
        "model": "auth.permission",
        "pk": 104,
        "fields": {
            "name": "Can view product_ image",
            "content_type": 26,
            "codename": "view_product_image"
        }
    },
    {
        "model": "auth.permission",
        "pk": 105,
        "fields": {
            "name": "Can add variant_ image",
            "content_type": 27,
            "codename": "add_variant_image"
        }
    },
    {
        "model": "auth.permission",
        "pk": 106,
        "fields": {
            "name": "Can change variant_ image",
            "content_type": 27,
            "codename": "change_variant_image"
        }
    },
    {
        "model": "auth.permission",
        "pk": 107,
        "fields": {
            "name": "Can delete variant_ image",
            "content_type": 27,
            "codename": "delete_variant_image"
        }
    },
    {
        "model": "auth.permission",
        "pk": 108,
        "fields": {
            "name": "Can view variant_ image",
            "content_type": 27,
            "codename": "view_variant_image"
        }
    },
    {
        "model": "auth.permission",
        "pk": 109,
        "fields": {
            "name": "Can add branch",
            "content_type": 28,
            "codename": "add_branch"
        }
    },
    {
        "model": "auth.permission",
        "pk": 110,
        "fields": {
            "name": "Can change branch",
            "content_type": 28,
            "codename": "change_branch"
        }
    },
    {
        "model": "auth.permission",
        "pk": 111,
        "fields": {
            "name": "Can delete branch",
            "content_type": 28,
            "codename": "delete_branch"
        }
    },
    {
        "model": "auth.permission",
        "pk": 112,
        "fields": {
            "name": "Can view branch",
            "content_type": 28,
            "codename": "view_branch"
        }
    },
    {
        "model": "auth.permission",
        "pk": 113,
        "fields": {
            "name": "Can add branch_ products",
            "content_type": 29,
            "codename": "add_branch_products"
        }
    },
    {
        "model": "auth.permission",
        "pk": 114,
        "fields": {
            "name": "Can change branch_ products",
            "content_type": 29,
            "codename": "change_branch_products"
        }
    },
    {
        "model": "auth.permission",
        "pk": 115,
        "fields": {
            "name": "Can delete branch_ products",
            "content_type": 29,
            "codename": "delete_branch_products"
        }
    },
    {
        "model": "auth.permission",
        "pk": 116,
        "fields": {
            "name": "Can view branch_ products",
            "content_type": 29,
            "codename": "view_branch_products"
        }
    },
    {
        "model": "auth.permission",
        "pk": 117,
        "fields": {
            "name": "Can add city",
            "content_type": 30,
            "codename": "add_city"
        }
    },
    {
        "model": "auth.permission",
        "pk": 118,
        "fields": {
            "name": "Can change city",
            "content_type": 30,
            "codename": "change_city"
        }
    },
    {
        "model": "auth.permission",
        "pk": 119,
        "fields": {
            "name": "Can delete city",
            "content_type": 30,
            "codename": "delete_city"
        }
    },
    {
        "model": "auth.permission",
        "pk": 120,
        "fields": {
            "name": "Can view city",
            "content_type": 30,
            "codename": "view_city"
        }
    },
    {
        "model": "auth.permission",
        "pk": 121,
        "fields": {
            "name": "Can add camera",
            "content_type": 31,
            "codename": "add_camera"
        }
    },
    {
        "model": "auth.permission",
        "pk": 122,
        "fields": {
            "name": "Can change camera",
            "content_type": 31,
            "codename": "change_camera"
        }
    },
    {
        "model": "auth.permission",
        "pk": 123,
        "fields": {
            "name": "Can delete camera",
            "content_type": 31,
            "codename": "delete_camera"
        }
    },
    {
        "model": "auth.permission",
        "pk": 124,
        "fields": {
            "name": "Can view camera",
            "content_type": 31,
            "codename": "view_camera"
        }
    },
    {
        "model": "auth.permission",
        "pk": 125,
        "fields": {
            "name": "Can add attendance",
            "content_type": 32,
            "codename": "add_attendance"
        }
    },
    {
        "model": "auth.permission",
        "pk": 126,
        "fields": {
            "name": "Can change attendance",
            "content_type": 32,
            "codename": "change_attendance"
        }
    },
    {
        "model": "auth.permission",
        "pk": 127,
        "fields": {
            "name": "Can delete attendance",
            "content_type": 32,
            "codename": "delete_attendance"
        }
    },
    {
        "model": "auth.permission",
        "pk": 128,
        "fields": {
            "name": "Can view attendance",
            "content_type": 32,
            "codename": "view_attendance"
        }
    },
    {
        "model": "auth.permission",
        "pk": 129,
        "fields": {
            "name": "Can add job_ type",
            "content_type": 33,
            "codename": "add_job_type"
        }
    },
    {
        "model": "auth.permission",
        "pk": 130,
        "fields": {
            "name": "Can change job_ type",
            "content_type": 33,
            "codename": "change_job_type"
        }
    },
    {
        "model": "auth.permission",
        "pk": 131,
        "fields": {
            "name": "Can delete job_ type",
            "content_type": 33,
            "codename": "delete_job_type"
        }
    },
    {
        "model": "auth.permission",
        "pk": 132,
        "fields": {
            "name": "Can view job_ type",
            "content_type": 33,
            "codename": "view_job_type"
        }
    },
    {
        "model": "auth.permission",
        "pk": 133,
        "fields": {
            "name": "Can add work schedule",
            "content_type": 34,
            "codename": "add_workschedule"
        }
    },
    {
        "model": "auth.permission",
        "pk": 134,
        "fields": {
            "name": "Can change work schedule",
            "content_type": 34,
            "codename": "change_workschedule"
        }
    },
    {
        "model": "auth.permission",
        "pk": 135,
        "fields": {
            "name": "Can delete work schedule",
            "content_type": 34,
            "codename": "delete_workschedule"
        }
    },
    {
        "model": "auth.permission",
        "pk": 136,
        "fields": {
            "name": "Can view work schedule",
            "content_type": 34,
            "codename": "view_workschedule"
        }
    },
    {
        "model": "auth.permission",
        "pk": 137,
        "fields": {
            "name": "Can add attendance log",
            "content_type": 35,
            "codename": "add_attendancelog"
        }
    },
    {
        "model": "auth.permission",
        "pk": 138,
        "fields": {
            "name": "Can change attendance log",
            "content_type": 35,
            "codename": "change_attendancelog"
        }
    },
    {
        "model": "auth.permission",
        "pk": 139,
        "fields": {
            "name": "Can delete attendance log",
            "content_type": 35,
            "codename": "delete_attendancelog"
        }
    },
    {
        "model": "auth.permission",
        "pk": 140,
        "fields": {
            "name": "Can view attendance log",
            "content_type": 35,
            "codename": "view_attendancelog"
        }
    },
    {
        "model": "auth.permission",
        "pk": 141,
        "fields": {
            "name": "Can add employee",
            "content_type": 36,
            "codename": "add_employee"
        }
    },
    {
        "model": "auth.permission",
        "pk": 142,
        "fields": {
            "name": "Can change employee",
            "content_type": 36,
            "codename": "change_employee"
        }
    },
    {
        "model": "auth.permission",
        "pk": 143,
        "fields": {
            "name": "Can delete employee",
            "content_type": 36,
            "codename": "delete_employee"
        }
    },
    {
        "model": "auth.permission",
        "pk": 144,
        "fields": {
            "name": "Can view employee",
            "content_type": 36,
            "codename": "view_employee"
        }
    },
    {
        "model": "auth.permission",
        "pk": 145,
        "fields": {
            "name": "Can add vecation",
            "content_type": 37,
            "codename": "add_vecation"
        }
    },
    {
        "model": "auth.permission",
        "pk": 146,
        "fields": {
            "name": "Can change vecation",
            "content_type": 37,
            "codename": "change_vecation"
        }
    },
    {
        "model": "auth.permission",
        "pk": 147,
        "fields": {
            "name": "Can delete vecation",
            "content_type": 37,
            "codename": "delete_vecation"
        }
    },
    {
        "model": "auth.permission",
        "pk": 148,
        "fields": {
            "name": "Can view vecation",
            "content_type": 37,
            "codename": "view_vecation"
        }
    },
    {
        "model": "auth.permission",
        "pk": 149,
        "fields": {
            "name": "Can add salary",
            "content_type": 38,
            "codename": "add_salary"
        }
    },
    {
        "model": "auth.permission",
        "pk": 150,
        "fields": {
            "name": "Can change salary",
            "content_type": 38,
            "codename": "change_salary"
        }
    },
    {
        "model": "auth.permission",
        "pk": 151,
        "fields": {
            "name": "Can delete salary",
            "content_type": 38,
            "codename": "delete_salary"
        }
    },
    {
        "model": "auth.permission",
        "pk": 152,
        "fields": {
            "name": "Can view salary",
            "content_type": 38,
            "codename": "view_salary"
        }
    },
    {
        "model": "auth.permission",
        "pk": 153,
        "fields": {
            "name": "Can add work day",
            "content_type": 39,
            "codename": "add_workday"
        }
    },
    {
        "model": "auth.permission",
        "pk": 154,
        "fields": {
            "name": "Can change work day",
            "content_type": 39,
            "codename": "change_workday"
        }
    },
    {
        "model": "auth.permission",
        "pk": 155,
        "fields": {
            "name": "Can delete work day",
            "content_type": 39,
            "codename": "delete_workday"
        }
    },
    {
        "model": "auth.permission",
        "pk": 156,
        "fields": {
            "name": "Can view work day",
            "content_type": 39,
            "codename": "view_workday"
        }
    },
    {
        "model": "auth.permission",
        "pk": 157,
        "fields": {
            "name": "Can add coupon",
            "content_type": 40,
            "codename": "add_coupon"
        }
    },
    {
        "model": "auth.permission",
        "pk": 158,
        "fields": {
            "name": "Can change coupon",
            "content_type": 40,
            "codename": "change_coupon"
        }
    },
    {
        "model": "auth.permission",
        "pk": 159,
        "fields": {
            "name": "Can delete coupon",
            "content_type": 40,
            "codename": "delete_coupon"
        }
    },
    {
        "model": "auth.permission",
        "pk": 160,
        "fields": {
            "name": "Can view coupon",
            "content_type": 40,
            "codename": "view_coupon"
        }
    },
    {
        "model": "auth.permission",
        "pk": 161,
        "fields": {
            "name": "Can add customer",
            "content_type": 41,
            "codename": "add_customer"
        }
    },
    {
        "model": "auth.permission",
        "pk": 162,
        "fields": {
            "name": "Can change customer",
            "content_type": 41,
            "codename": "change_customer"
        }
    },
    {
        "model": "auth.permission",
        "pk": 163,
        "fields": {
            "name": "Can delete customer",
            "content_type": 41,
            "codename": "delete_customer"
        }
    },
    {
        "model": "auth.permission",
        "pk": 164,
        "fields": {
            "name": "Can view customer",
            "content_type": 41,
            "codename": "view_customer"
        }
    },
    {
        "model": "auth.permission",
        "pk": 165,
        "fields": {
            "name": "Can add discount",
            "content_type": 42,
            "codename": "add_discount"
        }
    },
    {
        "model": "auth.permission",
        "pk": 166,
        "fields": {
            "name": "Can change discount",
            "content_type": 42,
            "codename": "change_discount"
        }
    },
    {
        "model": "auth.permission",
        "pk": 167,
        "fields": {
            "name": "Can delete discount",
            "content_type": 42,
            "codename": "delete_discount"
        }
    },
    {
        "model": "auth.permission",
        "pk": 168,
        "fields": {
            "name": "Can view discount",
            "content_type": 42,
            "codename": "view_discount"
        }
    },
    {
        "model": "auth.permission",
        "pk": 169,
        "fields": {
            "name": "Can add discount_ category",
            "content_type": 43,
            "codename": "add_discount_category"
        }
    },
    {
        "model": "auth.permission",
        "pk": 170,
        "fields": {
            "name": "Can change discount_ category",
            "content_type": 43,
            "codename": "change_discount_category"
        }
    },
    {
        "model": "auth.permission",
        "pk": 171,
        "fields": {
            "name": "Can delete discount_ category",
            "content_type": 43,
            "codename": "delete_discount_category"
        }
    },
    {
        "model": "auth.permission",
        "pk": 172,
        "fields": {
            "name": "Can view discount_ category",
            "content_type": 43,
            "codename": "view_discount_category"
        }
    },
    {
        "model": "auth.permission",
        "pk": 173,
        "fields": {
            "name": "Can add discount_ category_ option",
            "content_type": 44,
            "codename": "add_discount_category_option"
        }
    },
    {
        "model": "auth.permission",
        "pk": 174,
        "fields": {
            "name": "Can change discount_ category_ option",
            "content_type": 44,
            "codename": "change_discount_category_option"
        }
    },
    {
        "model": "auth.permission",
        "pk": 175,
        "fields": {
            "name": "Can delete discount_ category_ option",
            "content_type": 44,
            "codename": "delete_discount_category_option"
        }
    },
    {
        "model": "auth.permission",
        "pk": 176,
        "fields": {
            "name": "Can view discount_ category_ option",
            "content_type": 44,
            "codename": "view_discount_category_option"
        }
    },
    {
        "model": "auth.permission",
        "pk": 177,
        "fields": {
            "name": "Can add discount_ product",
            "content_type": 45,
            "codename": "add_discount_product"
        }
    },
    {
        "model": "auth.permission",
        "pk": 178,
        "fields": {
            "name": "Can change discount_ product",
            "content_type": 45,
            "codename": "change_discount_product"
        }
    },
    {
        "model": "auth.permission",
        "pk": 179,
        "fields": {
            "name": "Can delete discount_ product",
            "content_type": 45,
            "codename": "delete_discount_product"
        }
    },
    {
        "model": "auth.permission",
        "pk": 180,
        "fields": {
            "name": "Can view discount_ product",
            "content_type": 45,
            "codename": "view_discount_product"
        }
    },
    {
        "model": "auth.permission",
        "pk": 181,
        "fields": {
            "name": "Can add discount_ product_ option",
            "content_type": 46,
            "codename": "add_discount_product_option"
        }
    },
    {
        "model": "auth.permission",
        "pk": 182,
        "fields": {
            "name": "Can change discount_ product_ option",
            "content_type": 46,
            "codename": "change_discount_product_option"
        }
    },
    {
        "model": "auth.permission",
        "pk": 183,
        "fields": {
            "name": "Can delete discount_ product_ option",
            "content_type": 46,
            "codename": "delete_discount_product_option"
        }
    },
    {
        "model": "auth.permission",
        "pk": 184,
        "fields": {
            "name": "Can view discount_ product_ option",
            "content_type": 46,
            "codename": "view_discount_product_option"
        }
    },
    {
        "model": "auth.permission",
        "pk": 185,
        "fields": {
            "name": "Can add purchase",
            "content_type": 47,
            "codename": "add_purchase"
        }
    },
    {
        "model": "auth.permission",
        "pk": 186,
        "fields": {
            "name": "Can change purchase",
            "content_type": 47,
            "codename": "change_purchase"
        }
    },
    {
        "model": "auth.permission",
        "pk": 187,
        "fields": {
            "name": "Can delete purchase",
            "content_type": 47,
            "codename": "delete_purchase"
        }
    },
    {
        "model": "auth.permission",
        "pk": 188,
        "fields": {
            "name": "Can view purchase",
            "content_type": 47,
            "codename": "view_purchase"
        }
    },
    {
        "model": "auth.permission",
        "pk": 189,
        "fields": {
            "name": "Can add purchased_ products",
            "content_type": 48,
            "codename": "add_purchased_products"
        }
    },
    {
        "model": "auth.permission",
        "pk": 190,
        "fields": {
            "name": "Can change purchased_ products",
            "content_type": 48,
            "codename": "change_purchased_products"
        }
    },
    {
        "model": "auth.permission",
        "pk": 191,
        "fields": {
            "name": "Can delete purchased_ products",
            "content_type": 48,
            "codename": "delete_purchased_products"
        }
    },
    {
        "model": "auth.permission",
        "pk": 192,
        "fields": {
            "name": "Can view purchased_ products",
            "content_type": 48,
            "codename": "view_purchased_products"
        }
    },
    {
        "model": "auth.permission",
        "pk": 193,
        "fields": {
            "name": "Can add client_ profile",
            "content_type": 49,
            "codename": "add_client_profile"
        }
    },
    {
        "model": "auth.permission",
        "pk": 194,
        "fields": {
            "name": "Can change client_ profile",
            "content_type": 49,
            "codename": "change_client_profile"
        }
    },
    {
        "model": "auth.permission",
        "pk": 195,
        "fields": {
            "name": "Can delete client_ profile",
            "content_type": 49,
            "codename": "delete_client_profile"
        }
    },
    {
        "model": "auth.permission",
        "pk": 196,
        "fields": {
            "name": "Can view client_ profile",
            "content_type": 49,
            "codename": "view_client_profile"
        }
    },
    {
        "model": "auth.permission",
        "pk": 197,
        "fields": {
            "name": "Can add comment",
            "content_type": 50,
            "codename": "add_comment"
        }
    },
    {
        "model": "auth.permission",
        "pk": 198,
        "fields": {
            "name": "Can change comment",
            "content_type": 50,
            "codename": "change_comment"
        }
    },
    {
        "model": "auth.permission",
        "pk": 199,
        "fields": {
            "name": "Can delete comment",
            "content_type": 50,
            "codename": "delete_comment"
        }
    },
    {
        "model": "auth.permission",
        "pk": 200,
        "fields": {
            "name": "Can view comment",
            "content_type": 50,
            "codename": "view_comment"
        }
    },
    {
        "model": "auth.permission",
        "pk": 201,
        "fields": {
            "name": "Can add like",
            "content_type": 51,
            "codename": "add_like"
        }
    },
    {
        "model": "auth.permission",
        "pk": 202,
        "fields": {
            "name": "Can change like",
            "content_type": 51,
            "codename": "change_like"
        }
    },
    {
        "model": "auth.permission",
        "pk": 203,
        "fields": {
            "name": "Can delete like",
            "content_type": 51,
            "codename": "delete_like"
        }
    },
    {
        "model": "auth.permission",
        "pk": 204,
        "fields": {
            "name": "Can view like",
            "content_type": 51,
            "codename": "view_like"
        }
    },
    {
        "model": "auth.permission",
        "pk": 205,
        "fields": {
            "name": "Can add review",
            "content_type": 52,
            "codename": "add_review"
        }
    },
    {
        "model": "auth.permission",
        "pk": 206,
        "fields": {
            "name": "Can change review",
            "content_type": 52,
            "codename": "change_review"
        }
    },
    {
        "model": "auth.permission",
        "pk": 207,
        "fields": {
            "name": "Can delete review",
            "content_type": 52,
            "codename": "delete_review"
        }
    },
    {
        "model": "auth.permission",
        "pk": 208,
        "fields": {
            "name": "Can view review",
            "content_type": 52,
            "codename": "view_review"
        }
    },
    {
        "model": "auth.permission",
        "pk": 209,
        "fields": {
            "name": "Can add save",
            "content_type": 53,
            "codename": "add_save"
        }
    },
    {
        "model": "auth.permission",
        "pk": 210,
        "fields": {
            "name": "Can change save",
            "content_type": 53,
            "codename": "change_save"
        }
    },
    {
        "model": "auth.permission",
        "pk": 211,
        "fields": {
            "name": "Can delete save",
            "content_type": 53,
            "codename": "delete_save"
        }
    },
    {
        "model": "auth.permission",
        "pk": 212,
        "fields": {
            "name": "Can view save",
            "content_type": 53,
            "codename": "view_save"
        }
    },
    {
        "model": "auth.permission",
        "pk": 213,
        "fields": {
            "name": "Can add blacklisted token",
            "content_type": 54,
            "codename": "add_blacklistedtoken"
        }
    },
    {
        "model": "auth.permission",
        "pk": 214,
        "fields": {
            "name": "Can change blacklisted token",
            "content_type": 54,
            "codename": "change_blacklistedtoken"
        }
    },
    {
        "model": "auth.permission",
        "pk": 215,
        "fields": {
            "name": "Can delete blacklisted token",
            "content_type": 54,
            "codename": "delete_blacklistedtoken"
        }
    },
    {
        "model": "auth.permission",
        "pk": 216,
        "fields": {
            "name": "Can view blacklisted token",
            "content_type": 54,
            "codename": "view_blacklistedtoken"
        }
    },
    {
        "model": "auth.permission",
        "pk": 217,
        "fields": {
            "name": "Can add outstanding token",
            "content_type": 55,
            "codename": "add_outstandingtoken"
        }
    },
    {
        "model": "auth.permission",
        "pk": 218,
        "fields": {
            "name": "Can change outstanding token",
            "content_type": 55,
            "codename": "change_outstandingtoken"
        }
    },
    {
        "model": "auth.permission",
        "pk": 219,
        "fields": {
            "name": "Can delete outstanding token",
            "content_type": 55,
            "codename": "delete_outstandingtoken"
        }
    },
    {
        "model": "auth.permission",
        "pk": 220,
        "fields": {
            "name": "Can view outstanding token",
            "content_type": 55,
            "codename": "view_outstandingtoken"
        }
    },
    {
        "model": "auth.permission",
        "pk": 221,
        "fields": {
            "name": "Can add association rule",
            "content_type": 56,
            "codename": "add_associationrule"
        }
    },
    {
        "model": "auth.permission",
        "pk": 222,
        "fields": {
            "name": "Can change association rule",
            "content_type": 56,
            "codename": "change_associationrule"
        }
    },
    {
        "model": "auth.permission",
        "pk": 223,
        "fields": {
            "name": "Can delete association rule",
            "content_type": 56,
            "codename": "delete_associationrule"
        }
    },
    {
        "model": "auth.permission",
        "pk": 224,
        "fields": {
            "name": "Can view association rule",
            "content_type": 56,
            "codename": "view_associationrule"
        }
    },
    {
        "model": "contenttypes.contenttype",
        "pk": 1,
        "fields": {
            "app_label": "admin",
            "model": "logentry"
        }
    },
    {
        "model": "contenttypes.contenttype",
        "pk": 2,
        "fields": {
            "app_label": "auth",
            "model": "permission"
        }
    },
    {
        "model": "contenttypes.contenttype",
        "pk": 3,
        "fields": {
            "app_label": "auth",
            "model": "group"
        }
    },
    {
        "model": "contenttypes.contenttype",
        "pk": 4,
        "fields": {
            "app_label": "contenttypes",
            "model": "contenttype"
        }
    },
    {
        "model": "contenttypes.contenttype",
        "pk": 5,
        "fields": {
            "app_label": "sessions",
            "model": "session"
        }
    },
    {
        "model": "contenttypes.contenttype",
        "pk": 6,
        "fields": {
            "app_label": "authtoken",
            "model": "token"
        }
    },
    {
        "model": "contenttypes.contenttype",
        "pk": 7,
        "fields": {
            "app_label": "authtoken",
            "model": "tokenproxy"
        }
    },
    {
        "model": "contenttypes.contenttype",
        "pk": 8,
        "fields": {
            "app_label": "users",
            "model": "user"
        }
    },
    {
        "model": "contenttypes.contenttype",
        "pk": 9,
        "fields": {
            "app_label": "users",
            "model": "employee_user"
        }
    },
    {
        "model": "contenttypes.contenttype",
        "pk": 10,
        "fields": {
            "app_label": "products",
            "model": "attribute"
        }
    },
    {
        "model": "contenttypes.contenttype",
        "pk": 11,
        "fields": {
            "app_label": "products",
            "model": "unit"
        }
    },
    {
        "model": "contenttypes.contenttype",
        "pk": 12,
        "fields": {
            "app_label": "products",
            "model": "category"
        }
    },
    {
        "model": "contenttypes.contenttype",
        "pk": 13,
        "fields": {
            "app_label": "products",
            "model": "category_attribute"
        }
    },
    {
        "model": "contenttypes.contenttype",
        "pk": 14,
        "fields": {
            "app_label": "products",
            "model": "option"
        }
    },
    {
        "model": "contenttypes.contenttype",
        "pk": 15,
        "fields": {
            "app_label": "products",
            "model": "product"
        }
    },
    {
        "model": "contenttypes.contenttype",
        "pk": 16,
        "fields": {
            "app_label": "products",
            "model": "linked_products"
        }
    },
    {
        "model": "contenttypes.contenttype",
        "pk": 17,
        "fields": {
            "app_label": "products",
            "model": "transportation"
        }
    },
    {
        "model": "contenttypes.contenttype",
        "pk": 18,
        "fields": {
            "app_label": "products",
            "model": "transport_request"
        }
    },
    {
        "model": "contenttypes.contenttype",
        "pk": 19,
        "fields": {
            "app_label": "products",
            "model": "option_unit"
        }
    },
    {
        "model": "contenttypes.contenttype",
        "pk": 20,
        "fields": {
            "app_label": "products",
            "model": "attribute_unit"
        }
    },
    {
        "model": "contenttypes.contenttype",
        "pk": 21,
        "fields": {
            "app_label": "products",
            "model": "variant"
        }
    },
    {
        "model": "contenttypes.contenttype",
        "pk": 22,
        "fields": {
            "app_label": "products",
            "model": "transported_products"
        }
    },
    {
        "model": "contenttypes.contenttype",
        "pk": 23,
        "fields": {
            "app_label": "products",
            "model": "requested_products"
        }
    },
    {
        "model": "contenttypes.contenttype",
        "pk": 24,
        "fields": {
            "app_label": "products",
            "model": "received_products"
        }
    },
    {
        "model": "contenttypes.contenttype",
        "pk": 25,
        "fields": {
            "app_label": "products",
            "model": "variant_option"
        }
    },
    {
        "model": "contenttypes.contenttype",
        "pk": 26,
        "fields": {
            "app_label": "products",
            "model": "product_image"
        }
    },
    {
        "model": "contenttypes.contenttype",
        "pk": 27,
        "fields": {
            "app_label": "products",
            "model": "variant_image"
        }
    },
    {
        "model": "contenttypes.contenttype",
        "pk": 28,
        "fields": {
            "app_label": "branches",
            "model": "branch"
        }
    },
    {
        "model": "contenttypes.contenttype",
        "pk": 29,
        "fields": {
            "app_label": "branches",
            "model": "branch_products"
        }
    },
    {
        "model": "contenttypes.contenttype",
        "pk": 30,
        "fields": {
            "app_label": "branches",
            "model": "city"
        }
    },
    {
        "model": "contenttypes.contenttype",
        "pk": 31,
        "fields": {
            "app_label": "branches",
            "model": "camera"
        }
    },
    {
        "model": "contenttypes.contenttype",
        "pk": 32,
        "fields": {
            "app_label": "employees",
            "model": "attendance"
        }
    },
    {
        "model": "contenttypes.contenttype",
        "pk": 33,
        "fields": {
            "app_label": "employees",
            "model": "job_type"
        }
    },
    {
        "model": "contenttypes.contenttype",
        "pk": 34,
        "fields": {
            "app_label": "employees",
            "model": "workschedule"
        }
    },
    {
        "model": "contenttypes.contenttype",
        "pk": 35,
        "fields": {
            "app_label": "employees",
            "model": "attendancelog"
        }
    },
    {
        "model": "contenttypes.contenttype",
        "pk": 36,
        "fields": {
            "app_label": "employees",
            "model": "employee"
        }
    },
    {
        "model": "contenttypes.contenttype",
        "pk": 37,
        "fields": {
            "app_label": "employees",
            "model": "vecation"
        }
    },
    {
        "model": "contenttypes.contenttype",
        "pk": 38,
        "fields": {
            "app_label": "employees",
            "model": "salary"
        }
    },
    {
        "model": "contenttypes.contenttype",
        "pk": 39,
        "fields": {
            "app_label": "employees",
            "model": "workday"
        }
    },
    {
        "model": "contenttypes.contenttype",
        "pk": 40,
        "fields": {
            "app_label": "sales",
            "model": "coupon"
        }
    },
    {
        "model": "contenttypes.contenttype",
        "pk": 41,
        "fields": {
            "app_label": "sales",
            "model": "customer"
        }
    },
    {
        "model": "contenttypes.contenttype",
        "pk": 42,
        "fields": {
            "app_label": "sales",
            "model": "discount"
        }
    },
    {
        "model": "contenttypes.contenttype",
        "pk": 43,
        "fields": {
            "app_label": "sales",
            "model": "discount_category"
        }
    },
    {
        "model": "contenttypes.contenttype",
        "pk": 44,
        "fields": {
            "app_label": "sales",
            "model": "discount_category_option"
        }
    },
    {
        "model": "contenttypes.contenttype",
        "pk": 45,
        "fields": {
            "app_label": "sales",
            "model": "discount_product"
        }
    },
    {
        "model": "contenttypes.contenttype",
        "pk": 46,
        "fields": {
            "app_label": "sales",
            "model": "discount_product_option"
        }
    },
    {
        "model": "contenttypes.contenttype",
        "pk": 47,
        "fields": {
            "app_label": "sales",
            "model": "purchase"
        }
    },
    {
        "model": "contenttypes.contenttype",
        "pk": 48,
        "fields": {
            "app_label": "sales",
            "model": "purchased_products"
        }
    },
    {
        "model": "contenttypes.contenttype",
        "pk": 49,
        "fields": {
            "app_label": "mobile",
            "model": "client_profile"
        }
    },
    {
        "model": "contenttypes.contenttype",
        "pk": 50,
        "fields": {
            "app_label": "mobile",
            "model": "comment"
        }
    },
    {
        "model": "contenttypes.contenttype",
        "pk": 51,
        "fields": {
            "app_label": "mobile",
            "model": "like"
        }
    },
    {
        "model": "contenttypes.contenttype",
        "pk": 52,
        "fields": {
            "app_label": "mobile",
            "model": "review"
        }
    },
    {
        "model": "contenttypes.contenttype",
        "pk": 53,
        "fields": {
            "app_label": "mobile",
            "model": "save"
        }
    },
    {
        "model": "contenttypes.contenttype",
        "pk": 54,
        "fields": {
            "app_label": "token_blacklist",
            "model": "blacklistedtoken"
        }
    },
    {
        "model": "contenttypes.contenttype",
        "pk": 55,
        "fields": {
            "app_label": "token_blacklist",
            "model": "outstandingtoken"
        }
    },
    {
        "model": "contenttypes.contenttype",
        "pk": 56,
        "fields": {
            "app_label": "sales",
            "model": "associationrule"
        }
    },
    {
        "model": "users.user",
        "pk": 1,
        "fields": {
            "last_login": null,
            "is_superuser": true,
            "first_name": "",
            "last_name": "",
            "is_staff": true,
            "is_active": true,
            "date_joined": "2025-07-21T15:40:48.094Z",
            "username": "NOGA",
            "password": "pbkdf2_sha256$720000$l2tzIb8hUKW6XNXaown1XO$xN0mzbmOKDTZSTnhoLx/9LYlpDSsPkhBfga4oOsZffw=",
            "email": "t@t.com",
            "is_email_verified": false,
            "email_verification_token": null,
            "is_employee": false,
            "groups": [],
            "user_permissions": []
        }
    },
    {
        "model": "users.user",
        "pk": 2,
        "fields": {
            "last_login": null,
            "is_superuser": false,
            "first_name": "",
            "last_name": "",
            "is_staff": false,
            "is_active": true,
            "date_joined": "2025-07-21T19:20:17.904Z",
            "username": "Oudisho-Qattyne",
            "password": "pbkdf2_sha256$720000$v3cvET5Fyn12O2Cft9KPTC$mvHw1uAoRvT2upqSaFiYj4dRYPOEVNZzNmcLxbkq5wY=",
            "email": "w@w.com",
            "is_email_verified": false,
            "email_verification_token": null,
            "is_employee": false,
            "groups": [],
            "user_permissions": []
        }
    },
    {
        "model": "users.user",
        "pk": 3,
        "fields": {
            "last_login": null,
            "is_superuser": false,
            "first_name": "",
            "last_name": "",
            "is_staff": false,
            "is_active": true,
            "date_joined": "2025-08-27T10:22:04.033Z",
            "username": "WA",
            "password": "pbkdf2_sha256$720000$Tl43XOnHxBA7bQABeptfNw$m9wVhgVZ21hCyRi/hBPx9jp1h2FUAsAU4FBP5LYAePk=",
            "email": "qq@q.com",
            "is_email_verified": false,
            "email_verification_token": null,
            "is_employee": true,
            "groups": [],
            "user_permissions": []
        }
    },
    {
        "model": "users.user",
        "pk": 4,
        "fields": {
            "last_login": null,
            "is_superuser": false,
            "first_name": "",
            "last_name": "",
            "is_staff": false,
            "is_active": true,
            "date_joined": "2025-08-30T12:36:45.450Z",
            "username": "w",
            "password": "pbkdf2_sha256$720000$7DZVL1Q7ljMJoMYs6LEjbm$IOavLuo5EGUQ/4Ef6xUDSxtvaoYoMEiK1YZC0MP/ELk=",
            "email": "qe@re.com",
            "is_email_verified": false,
            "email_verification_token": null,
            "is_employee": true,
            "groups": [],
            "user_permissions": []
        }
    },
    {
        "model": "users.user",
        "pk": 5,
        "fields": {
            "last_login": null,
            "is_superuser": false,
            "first_name": "",
            "last_name": "",
            "is_staff": false,
            "is_active": true,
            "date_joined": "2025-08-30T18:04:38.625Z",
            "username": "m",
            "password": "pbkdf2_sha256$720000$O1zEaPKZfn9QHEpEAyuahx$6Nsxhf6wGtpSV/D5If3PXcc7728djiKLzII10/P9RwE=",
            "email": "ew@r.com",
            "is_email_verified": false,
            "email_verification_token": null,
            "is_employee": true,
            "groups": [],
            "user_permissions": []
        }
    },
    {
        "model": "users.employee_user",
        "pk": 1,
        "fields": {
            "user": 3,
            "employee": 2
        }
    },
    {
        "model": "users.employee_user",
        "pk": 2,
        "fields": {
            "user": 4,
            "employee": 3
        }
    },
    {
        "model": "users.employee_user",
        "pk": 3,
        "fields": {
            "user": 5,
            "employee": 4
        }
    },
    {
        "model": "products.unit",
        "pk": 1,
        "fields": {
            "unit": "GB"
        }
    },
    {
        "model": "products.unit",
        "pk": 2,
        "fields": {
            "unit": "MP"
        }
    },
    {
        "model": "products.unit",
        "pk": 3,
        "fields": {
            "unit": "mA"
        }
    },
    {
        "model": "products.unit",
        "pk": 4,
        "fields": {
            "unit": "inches"
        }
    },
    {
        "model": "products.unit",
        "pk": 5,
        "fields": {
            "unit": "GHz"
        }
    },
    {
        "model": "products.unit",
        "pk": 6,
        "fields": {
            "unit": "Mp"
        }
    },
    {
        "model": "products.unit",
        "pk": 7,
        "fields": {
            "unit": "hours"
        }
    },
    {
        "model": "products.unit",
        "pk": 8,
        "fields": {
            "unit": "W"
        }
    },
    {
        "model": "products.attribute",
        "pk": 1,
        "fields": {
            "attribute": "storage",
            "attribute_type": "number",
            "is_multivalue": false,
            "is_categorical": false,
            "has_unit": true
        }
    },
    {
        "model": "products.attribute",
        "pk": 2,
        "fields": {
            "attribute": "cameras",
            "attribute_type": "number",
            "is_multivalue": true,
            "is_categorical": false,
            "has_unit": true
        }
    },
    {
        "model": "products.attribute",
        "pk": 3,
        "fields": {
            "attribute": "battery",
            "attribute_type": "number",
            "is_multivalue": false,
            "is_categorical": false,
            "has_unit": true
        }
    },
    {
        "model": "products.attribute",
        "pk": 4,
        "fields": {
            "attribute": "color",
            "attribute_type": "number",
            "is_multivalue": false,
            "is_categorical": false,
            "has_unit": false
        }
    },
    {
        "model": "products.attribute",
        "pk": 5,
        "fields": {
            "attribute": "screen_size",
            "attribute_type": "number",
            "is_multivalue": false,
            "is_categorical": false,
            "has_unit": true
        }
    },
    {
        "model": "products.attribute",
        "pk": 6,
        "fields": {
            "attribute": "processor_speed",
            "attribute_type": "number",
            "is_multivalue": false,
            "is_categorical": false,
            "has_unit": true
        }
    },
    {
        "model": "products.attribute",
        "pk": 7,
        "fields": {
            "attribute": "ram",
            "attribute_type": "number",
            "is_multivalue": false,
            "is_categorical": false,
            "has_unit": true
        }
    },
    {
        "model": "products.attribute",
        "pk": 8,
        "fields": {
            "attribute": "camera_quality",
            "attribute_type": "number",
            "is_multivalue": false,
            "is_categorical": false,
            "has_unit": true
        }
    },
    {
        "model": "products.attribute",
        "pk": 9,
        "fields": {
            "attribute": "battery_life",
            "attribute_type": "number",
            "is_multivalue": false,
            "is_categorical": false,
            "has_unit": true
        }
    },
    {
        "model": "products.attribute",
        "pk": 10,
        "fields": {
            "attribute": "charging_speed",
            "attribute_type": "number",
            "is_multivalue": false,
            "is_categorical": false,
            "has_unit": true
        }
    },
    {
        "model": "products.attribute",
        "pk": 11,
        "fields": {
            "attribute": "refresh_rate",
            "attribute_type": "number",
            "is_multivalue": false,
            "is_categorical": false,
            "has_unit": true
        }
    },
    {
        "model": "products.attribute",
        "pk": 12,
        "fields": {
            "attribute": "storage_type",
            "attribute_type": "text",
            "is_multivalue": false,
            "is_categorical": true,
            "has_unit": false
        }
    },
    {
        "model": "products.attribute_unit",
        "pk": 1,
        "fields": {
            "unit": 1,
            "attribute": 1
        }
    },
    {
        "model": "products.attribute_unit",
        "pk": 2,
        "fields": {
            "unit": 2,
            "attribute": 2
        }
    },
    {
        "model": "products.attribute_unit",
        "pk": 3,
        "fields": {
            "unit": 3,
            "attribute": 3
        }
    },
    {
        "model": "products.attribute_unit",
        "pk": 4,
        "fields": {
            "unit": 4,
            "attribute": 5
        }
    },
    {
        "model": "products.attribute_unit",
        "pk": 5,
        "fields": {
            "unit": 5,
            "attribute": 6
        }
    },
    {
        "model": "products.attribute_unit",
        "pk": 6,
        "fields": {
            "unit": 1,
            "attribute": 7
        }
    },
    {
        "model": "products.attribute_unit",
        "pk": 7,
        "fields": {
            "unit": 6,
            "attribute": 8
        }
    },
    {
        "model": "products.attribute_unit",
        "pk": 8,
        "fields": {
            "unit": 7,
            "attribute": 9
        }
    },
    {
        "model": "products.attribute_unit",
        "pk": 9,
        "fields": {
            "unit": 8,
            "attribute": 10
        }
    },
    {
        "model": "products.attribute_unit",
        "pk": 10,
        "fields": {
            "unit": 1,
            "attribute": 11
        }
    },
    {
        "model": "products.option",
        "pk": 7,
        "fields": {
            "option": "128",
            "attribute": 1
        }
    },
    {
        "model": "products.option",
        "pk": 8,
        "fields": {
            "option": "5000",
            "attribute": 3
        }
    },
    {
        "model": "products.option",
        "pk": 9,
        "fields": {
            "option": "6.1",
            "attribute": 5
        }
    },
    {
        "model": "products.option",
        "pk": 10,
        "fields": {
            "option": "6.7",
            "attribute": 5
        }
    },
    {
        "model": "products.option",
        "pk": 11,
        "fields": {
            "option": "2.5",
            "attribute": 6
        }
    },
    {
        "model": "products.option",
        "pk": 12,
        "fields": {
            "option": "3.2",
            "attribute": 6
        }
    },
    {
        "model": "products.option",
        "pk": 13,
        "fields": {
            "option": "8",
            "attribute": 7
        }
    },
    {
        "model": "products.option",
        "pk": 14,
        "fields": {
            "option": "12",
            "attribute": 7
        }
    },
    {
        "model": "products.option",
        "pk": 15,
        "fields": {
            "option": "48",
            "attribute": 8
        }
    },
    {
        "model": "products.option",
        "pk": 16,
        "fields": {
            "option": "64",
            "attribute": 8
        }
    },
    {
        "model": "products.option",
        "pk": 17,
        "fields": {
            "option": "10",
            "attribute": 9
        }
    },
    {
        "model": "products.option",
        "pk": 18,
        "fields": {
            "option": "15",
            "attribute": 9
        }
    },
    {
        "model": "products.option",
        "pk": 19,
        "fields": {
            "option": "25",
            "attribute": 10
        }
    },
    {
        "model": "products.option",
        "pk": 20,
        "fields": {
            "option": "45",
            "attribute": 10
        }
    },
    {
        "model": "products.option",
        "pk": 21,
        "fields": {
            "option": "90",
            "attribute": 11
        }
    },
    {
        "model": "products.option",
        "pk": 22,
        "fields": {
            "option": "120",
            "attribute": 11
        }
    },
    {
        "model": "products.option",
        "pk": 23,
        "fields": {
            "option": "SSD",
            "attribute": 12
        }
    },
    {
        "model": "products.option",
        "pk": 24,
        "fields": {
            "option": "HDD",
            "attribute": 12
        }
    },
    {
        "model": "products.option",
        "pk": 25,
        "fields": {
            "option": "123",
            "attribute": 5
        }
    },
    {
        "model": "products.option",
        "pk": 26,
        "fields": {
            "option": "12",
            "attribute": 7
        }
    },
    {
        "model": "products.option",
        "pk": 27,
        "fields": {
            "option": "123",
            "attribute": 9
        }
    },
    {
        "model": "products.option",
        "pk": 28,
        "fields": {
            "option": "64",
            "attribute": 1
        }
    },
    {
        "model": "products.option",
        "pk": 29,
        "fields": {
            "option": "5000",
            "attribute": 3
        }
    },
    {
        "model": "products.option",
        "pk": 30,
        "fields": {
            "option": "128",
            "attribute": 1
        }
    },
    {
        "model": "products.option",
        "pk": 31,
        "fields": {
            "option": "5000",
            "attribute": 3
        }
    },
    {
        "model": "products.option_unit",
        "pk": 7,
        "fields": {
            "option": 7,
            "unit": 1
        }
    },
    {
        "model": "products.option_unit",
        "pk": 8,
        "fields": {
            "option": 8,
            "unit": 3
        }
    },
    {
        "model": "products.option_unit",
        "pk": 9,
        "fields": {
            "option": 9,
            "unit": 4
        }
    },
    {
        "model": "products.option_unit",
        "pk": 10,
        "fields": {
            "option": 10,
            "unit": 4
        }
    },
    {
        "model": "products.option_unit",
        "pk": 11,
        "fields": {
            "option": 11,
            "unit": 5
        }
    },
    {
        "model": "products.option_unit",
        "pk": 12,
        "fields": {
            "option": 12,
            "unit": 5
        }
    },
    {
        "model": "products.option_unit",
        "pk": 13,
        "fields": {
            "option": 13,
            "unit": 1
        }
    },
    {
        "model": "products.option_unit",
        "pk": 14,
        "fields": {
            "option": 14,
            "unit": 1
        }
    },
    {
        "model": "products.option_unit",
        "pk": 15,
        "fields": {
            "option": 15,
            "unit": 6
        }
    },
    {
        "model": "products.option_unit",
        "pk": 16,
        "fields": {
            "option": 16,
            "unit": 6
        }
    },
    {
        "model": "products.option_unit",
        "pk": 17,
        "fields": {
            "option": 17,
            "unit": 7
        }
    },
    {
        "model": "products.option_unit",
        "pk": 18,
        "fields": {
            "option": 18,
            "unit": 7
        }
    },
    {
        "model": "products.option_unit",
        "pk": 19,
        "fields": {
            "option": 19,
            "unit": 8
        }
    },
    {
        "model": "products.option_unit",
        "pk": 20,
        "fields": {
            "option": 20,
            "unit": 8
        }
    },
    {
        "model": "products.option_unit",
        "pk": 21,
        "fields": {
            "option": 21,
            "unit": 1
        }
    },
    {
        "model": "products.option_unit",
        "pk": 22,
        "fields": {
            "option": 22,
            "unit": 1
        }
    },
    {
        "model": "products.option_unit",
        "pk": 23,
        "fields": {
            "option": 25,
            "unit": 4
        }
    },
    {
        "model": "products.option_unit",
        "pk": 24,
        "fields": {
            "option": 26,
            "unit": 1
        }
    },
    {
        "model": "products.option_unit",
        "pk": 25,
        "fields": {
            "option": 27,
            "unit": 7
        }
    },
    {
        "model": "products.option_unit",
        "pk": 26,
        "fields": {
            "option": 28,
            "unit": 1
        }
    },
    {
        "model": "products.option_unit",
        "pk": 27,
        "fields": {
            "option": 29,
            "unit": 3
        }
    },
    {
        "model": "products.option_unit",
        "pk": 28,
        "fields": {
            "option": 30,
            "unit": 1
        }
    },
    {
        "model": "products.option_unit",
        "pk": 29,
        "fields": {
            "option": 31,
            "unit": 3
        }
    },
    {
        "model": "products.category",
        "pk": 1,
        "fields": {
            "category": "phone",
            "parent_category": null
        }
    },
    {
        "model": "products.category",
        "pk": 2,
        "fields": {
            "category": "laptop",
            "parent_category": null
        }
    },
    {
        "model": "products.category",
        "pk": 3,
        "fields": {
            "category": "tablet",
            "parent_category": null
        }
    },
    {
        "model": "products.category",
        "pk": 4,
        "fields": {
            "category": "smartwatch",
            "parent_category": null
        }
    },
    {
        "model": "products.category",
        "pk": 5,
        "fields": {
            "category": "camera",
            "parent_category": null
        }
    },
    {
        "model": "products.category_attribute",
        "pk": 1,
        "fields": {
            "category": 1,
            "attribute": 1
        }
    },
    {
        "model": "products.category_attribute",
        "pk": 2,
        "fields": {
            "category": 1,
            "attribute": 3
        }
    },
    {
        "model": "products.category_attribute",
        "pk": 3,
        "fields": {
            "category": 2,
            "attribute": 5
        }
    },
    {
        "model": "products.category_attribute",
        "pk": 4,
        "fields": {
            "category": 2,
            "attribute": 6
        }
    },
    {
        "model": "products.category_attribute",
        "pk": 5,
        "fields": {
            "category": 2,
            "attribute": 7
        }
    },
    {
        "model": "products.category_attribute",
        "pk": 6,
        "fields": {
            "category": 3,
            "attribute": 5
        }
    },
    {
        "model": "products.category_attribute",
        "pk": 7,
        "fields": {
            "category": 3,
            "attribute": 7
        }
    },
    {
        "model": "products.category_attribute",
        "pk": 8,
        "fields": {
            "category": 3,
            "attribute": 9
        }
    },
    {
        "model": "products.category_attribute",
        "pk": 9,
        "fields": {
            "category": 4,
            "attribute": 9
        }
    },
    {
        "model": "products.category_attribute",
        "pk": 10,
        "fields": {
            "category": 4,
            "attribute": 11
        }
    },
    {
        "model": "products.category_attribute",
        "pk": 11,
        "fields": {
            "category": 5,
            "attribute": 8
        }
    },
    {
        "model": "products.category_attribute",
        "pk": 12,
        "fields": {
            "category": 5,
            "attribute": 9
        }
    },
    {
        "model": "products.product",
        "pk": 1,
        "fields": {
            "product_name": "poco",
            "category": 1,
            "qr_code": "http://127.0.0.1:8000/media/productqr/phone-poco-1.png",
            "qr_codes_download": "http://127.0.0.1:8000/media/productqr/phone-poco-1-download.jpg",
            "linked_products": []
        }
    },
    {
        "model": "products.product",
        "pk": 2,
        "fields": {
            "product_name": "asus",
            "category": 1,
            "qr_code": "http://127.0.0.1:8000/media/productqr/phone-asus-2.png",
            "qr_codes_download": "http://127.0.0.1:8000/media/productqr/phone-asus-2-download.jpg",
            "linked_products": []
        }
    },
    {
        "model": "products.product",
        "pk": 3,
        "fields": {
            "product_name": "dell_xps",
            "category": 2,
            "qr_code": "http://127.0.0.1:8000/media/productqr/laptop-dell_xps-3.png",
            "qr_codes_download": "http://127.0.0.1:8000/media/productqr/laptop-dell_xps-3-download.jpg",
            "linked_products": []
        }
    },
    {
        "model": "products.product",
        "pk": 4,
        "fields": {
            "product_name": "macbook_pro",
            "category": 2,
            "qr_code": "http://127.0.0.1:8000/media/productqr/laptop-macbook_pro-4.png",
            "qr_codes_download": "http://127.0.0.1:8000/media/productqr/laptop-macbook_pro-4-download.jpg",
            "linked_products": []
        }
    },
    {
        "model": "products.product",
        "pk": 5,
        "fields": {
            "product_name": "ipad_air",
            "category": 3,
            "qr_code": "http://127.0.0.1:8000/media/productqr/tablet-ipad_air-5.png",
            "qr_codes_download": "http://127.0.0.1:8000/media/productqr/tablet-ipad_air-5-download.jpg",
            "linked_products": []
        }
    },
    {
        "model": "products.product",
        "pk": 6,
        "fields": {
            "product_name": "samsung_tab",
            "category": 3,
            "qr_code": "http://127.0.0.1:8000/media/productqr/tablet-samsung_tab-6.png",
            "qr_codes_download": "http://127.0.0.1:8000/media/productqr/tablet-samsung_tab-6-download.jpg",
            "linked_products": []
        }
    },
    {
        "model": "products.product",
        "pk": 7,
        "fields": {
            "product_name": "apple_watch",
            "category": 4,
            "qr_code": "http://127.0.0.1:8000/media/productqr/smartwatch-apple_watch-7.png",
            "qr_codes_download": "http://127.0.0.1:8000/media/productqr/smartwatch-apple_watch-7-download.jpg",
            "linked_products": []
        }
    },
    {
        "model": "products.product",
        "pk": 8,
        "fields": {
            "product_name": "canon_eos",
            "category": 5,
            "qr_code": "http://127.0.0.1:8000/media/productqr/camera-canon_eos-8.png",
            "qr_codes_download": "http://127.0.0.1:8000/media/productqr/camera-canon_eos-8-download.jpg",
            "linked_products": []
        }
    },
    {
        "model": "products.product",
        "pk": 9,
        "fields": {
            "product_name": "Test",
            "category": 3,
            "qr_code": "http://127.0.0.1:8000/media/productqr/tablet-Test-9.png",
            "qr_codes_download": "http://127.0.0.1:8000/media/productqr/tablet-Test-9-download.jpg",
            "linked_products": []
        }
    },
    {
        "model": "products.product",
        "pk": 11,
        "fields": {
            "product_name": "Redmi note12s",
            "category": 1,
            "qr_code": "http://noga-r0ln.onrender.com/media/productqr/phone-Redmi note12s-11.png",
            "qr_codes_download": "http://noga-r0ln.onrender.com/media/productqr/phone-Redmi note12s-11-download.jpg",
            "linked_products": []
        }
    },
    {
        "model": "products.product",
        "pk": 12,
        "fields": {
            "product_name": "infinex Note 40i",
            "category": 1,
            "qr_code": "http://noga-r0ln.onrender.com/media/productqr/phone-infinex Note 40i-12.png",
            "qr_codes_download": "http://noga-r0ln.onrender.com/media/productqr/phone-infinex Note 40i-12-download.jpg",
            "linked_products": []
        }
    },
    {
        "model": "products.variant",
        "pk": 1,
        "fields": {
            "product": 1,
            "quantity": 0,
            "wholesale_price": 100.0,
            "selling_price": 101.0,
            "sku": "poco-64GB-5000mA",
            "qr_code": null,
            "qr_codes_download": null
        }
    },
    {
        "model": "products.variant",
        "pk": 2,
        "fields": {
            "product": 1,
            "quantity": 70,
            "wholesale_price": 100.0,
            "selling_price": 101.0,
            "sku": "poco-128GB-6000mA",
            "qr_code": null,
            "qr_codes_download": null
        }
    },
    {
        "model": "products.variant",
        "pk": 3,
        "fields": {
            "product": 1,
            "quantity": 100,
            "wholesale_price": 100.0,
            "selling_price": 101.0,
            "sku": "poco-128GB-5000mA",
            "qr_code": null,
            "qr_codes_download": null
        }
    },
    {
        "model": "products.variant",
        "pk": 4,
        "fields": {
            "product": 2,
            "quantity": 0,
            "wholesale_price": 100.0,
            "selling_price": 110.0,
            "sku": "asus-128GB-5000mA",
            "qr_code": null,
            "qr_codes_download": null
        }
    },
    {
        "model": "products.variant",
        "pk": 5,
        "fields": {
            "product": 3,
            "quantity": 10,
            "wholesale_price": 1200.0,
            "selling_price": 1500.0,
            "sku": "dell_xps-15inch-2.5GHz-8GB",
            "qr_code": null,
            "qr_codes_download": null
        }
    },
    {
        "model": "products.variant",
        "pk": 6,
        "fields": {
            "product": 3,
            "quantity": 30,
            "wholesale_price": 1500.0,
            "selling_price": 1800.0,
            "sku": "dell_xps-15inch-3.2GHz-12GB",
            "qr_code": null,
            "qr_codes_download": null
        }
    },
    {
        "model": "products.variant",
        "pk": 7,
        "fields": {
            "product": 4,
            "quantity": 27,
            "wholesale_price": 2000.0,
            "selling_price": 2500.0,
            "sku": "macbook_pro-13inch-2.5GHz-8GB",
            "qr_code": null,
            "qr_codes_download": null
        }
    },
    {
        "model": "products.variant",
        "pk": 8,
        "fields": {
            "product": 1,
            "quantity": 450,
            "wholesale_price": 2000.0,
            "selling_price": 5000.0,
            "sku": "macbook_pro-13inch-3.2GHz-12GB",
            "qr_code": null,
            "qr_codes_download": null
        }
    },
    {
        "model": "products.variant",
        "pk": 9,
        "fields": {
            "product": 5,
            "quantity": 25,
            "wholesale_price": 600.0,
            "selling_price": 750.0,
            "sku": "ipad_air-10.9inch-8GB-10hours",
            "qr_code": null,
            "qr_codes_download": null
        }
    },
    {
        "model": "products.variant",
        "pk": 10,
        "fields": {
            "product": 5,
            "quantity": 25,
            "wholesale_price": 800.0,
            "selling_price": 950.0,
            "sku": "ipad_air-10.9inch-12GB-15hours",
            "qr_code": null,
            "qr_codes_download": null
        }
    },
    {
        "model": "products.variant",
        "pk": 11,
        "fields": {
            "product": 6,
            "quantity": 40,
            "wholesale_price": 400.0,
            "selling_price": 500.0,
            "sku": "samsung_tab-10.4inch-8GB-10hours",
            "qr_code": null,
            "qr_codes_download": null
        }
    },
    {
        "model": "products.variant",
        "pk": 12,
        "fields": {
            "product": 6,
            "quantity": 30,
            "wholesale_price": 500.0,
            "selling_price": 600.0,
            "sku": "samsung_tab-10.4inch-12GB-15hours",
            "qr_code": null,
            "qr_codes_download": null
        }
    },
    {
        "model": "products.variant",
        "pk": 13,
        "fields": {
            "product": 7,
            "quantity": 50,
            "wholesale_price": 300.0,
            "selling_price": 400.0,
            "sku": "apple_watch-18hours-90Hz",
            "qr_code": null,
            "qr_codes_download": null
        }
    },
    {
        "model": "products.variant",
        "pk": 14,
        "fields": {
            "product": 7,
            "quantity": 35,
            "wholesale_price": 400.0,
            "selling_price": 500.0,
            "sku": "apple_watch-24hours-120Hz",
            "qr_code": null,
            "qr_codes_download": null
        }
    },
    {
        "model": "products.variant",
        "pk": 15,
        "fields": {
            "product": 8,
            "quantity": 20,
            "wholesale_price": 800.0,
            "selling_price": 1000.0,
            "sku": "canon_eos-48MP-15hours",
            "qr_code": null,
            "qr_codes_download": null
        }
    },
    {
        "model": "products.variant",
        "pk": 16,
        "fields": {
            "product": 8,
            "quantity": 15,
            "wholesale_price": 1000.0,
            "selling_price": 1200.0,
            "sku": "canon_eos-64MP-20hours",
            "qr_code": null,
            "qr_codes_download": null
        }
    },
    {
        "model": "products.variant",
        "pk": 17,
        "fields": {
            "product": 9,
            "quantity": 1,
            "wholesale_price": 100.0,
            "selling_price": 111.0,
            "sku": "Test-123inches-12GB-123hours",
            "qr_code": "http://127.0.0.1:8000/media/productqr/tablet-Test-Test-123inches-12GB-123hours-17.png",
            "qr_codes_download": "http://127.0.0.1:8000/media/productqr/tablet-Test-Test-123inches-12GB-123hours-17-download.jpg"
        }
    },
    {
        "model": "products.variant",
        "pk": 18,
        "fields": {
            "product": 12,
            "quantity": 280,
            "wholesale_price": 200.0,
            "selling_price": 250.0,
            "sku": "infinex Note 40i-128GB-5000mA",
            "qr_code": "http://noga-r0ln.onrender.com/media/productqr/phone-infinex Note 40i-infinex Note 40i-128GB-5000mA-18.png",
            "qr_codes_download": "http://noga-r0ln.onrender.com/media/productqr/phone-infinex Note 40i-infinex Note 40i-128GB-5000mA-18-download.jpg"
        }
    },
    {
        "model": "products.variant_image",
        "pk": 1,
        "fields": {
            "variant": 17,
            "image": "images/IMG_20210405_193951.jpg"
        }
    },
    {
        "model": "products.variant_option",
        "pk": 7,
        "fields": {
            "variant": 4,
            "option": 7
        }
    },
    {
        "model": "products.variant_option",
        "pk": 8,
        "fields": {
            "variant": 4,
            "option": 8
        }
    },
    {
        "model": "products.variant_option",
        "pk": 9,
        "fields": {
            "variant": 5,
            "option": 9
        }
    },
    {
        "model": "products.variant_option",
        "pk": 10,
        "fields": {
            "variant": 5,
            "option": 11
        }
    },
    {
        "model": "products.variant_option",
        "pk": 11,
        "fields": {
            "variant": 5,
            "option": 13
        }
    },
    {
        "model": "products.variant_option",
        "pk": 12,
        "fields": {
            "variant": 6,
            "option": 9
        }
    },
    {
        "model": "products.variant_option",
        "pk": 13,
        "fields": {
            "variant": 6,
            "option": 12
        }
    },
    {
        "model": "products.variant_option",
        "pk": 14,
        "fields": {
            "variant": 6,
            "option": 14
        }
    },
    {
        "model": "products.variant_option",
        "pk": 15,
        "fields": {
            "variant": 7,
            "option": 10
        }
    },
    {
        "model": "products.variant_option",
        "pk": 16,
        "fields": {
            "variant": 7,
            "option": 11
        }
    },
    {
        "model": "products.variant_option",
        "pk": 17,
        "fields": {
            "variant": 7,
            "option": 13
        }
    },
    {
        "model": "products.variant_option",
        "pk": 21,
        "fields": {
            "variant": 9,
            "option": 10
        }
    },
    {
        "model": "products.variant_option",
        "pk": 22,
        "fields": {
            "variant": 9,
            "option": 13
        }
    },
    {
        "model": "products.variant_option",
        "pk": 23,
        "fields": {
            "variant": 9,
            "option": 17
        }
    },
    {
        "model": "products.variant_option",
        "pk": 24,
        "fields": {
            "variant": 10,
            "option": 10
        }
    },
    {
        "model": "products.variant_option",
        "pk": 25,
        "fields": {
            "variant": 10,
            "option": 14
        }
    },
    {
        "model": "products.variant_option",
        "pk": 26,
        "fields": {
            "variant": 10,
            "option": 18
        }
    },
    {
        "model": "products.variant_option",
        "pk": 27,
        "fields": {
            "variant": 11,
            "option": 10
        }
    },
    {
        "model": "products.variant_option",
        "pk": 28,
        "fields": {
            "variant": 11,
            "option": 13
        }
    },
    {
        "model": "products.variant_option",
        "pk": 29,
        "fields": {
            "variant": 11,
            "option": 17
        }
    },
    {
        "model": "products.variant_option",
        "pk": 30,
        "fields": {
            "variant": 12,
            "option": 10
        }
    },
    {
        "model": "products.variant_option",
        "pk": 31,
        "fields": {
            "variant": 12,
            "option": 14
        }
    },
    {
        "model": "products.variant_option",
        "pk": 32,
        "fields": {
            "variant": 12,
            "option": 18
        }
    },
    {
        "model": "products.variant_option",
        "pk": 33,
        "fields": {
            "variant": 13,
            "option": 18
        }
    },
    {
        "model": "products.variant_option",
        "pk": 34,
        "fields": {
            "variant": 13,
            "option": 21
        }
    },
    {
        "model": "products.variant_option",
        "pk": 35,
        "fields": {
            "variant": 14,
            "option": 18
        }
    },
    {
        "model": "products.variant_option",
        "pk": 36,
        "fields": {
            "variant": 14,
            "option": 22
        }
    },
    {
        "model": "products.variant_option",
        "pk": 37,
        "fields": {
            "variant": 15,
            "option": 15
        }
    },
    {
        "model": "products.variant_option",
        "pk": 38,
        "fields": {
            "variant": 15,
            "option": 17
        }
    },
    {
        "model": "products.variant_option",
        "pk": 39,
        "fields": {
            "variant": 16,
            "option": 16
        }
    },
    {
        "model": "products.variant_option",
        "pk": 40,
        "fields": {
            "variant": 16,
            "option": 18
        }
    },
    {
        "model": "products.variant_option",
        "pk": 41,
        "fields": {
            "variant": 17,
            "option": 25
        }
    },
    {
        "model": "products.variant_option",
        "pk": 42,
        "fields": {
            "variant": 17,
            "option": 26
        }
    },
    {
        "model": "products.variant_option",
        "pk": 43,
        "fields": {
            "variant": 17,
            "option": 27
        }
    },
    {
        "model": "products.variant_option",
        "pk": 44,
        "fields": {
            "variant": 8,
            "option": 28
        }
    },
    {
        "model": "products.variant_option",
        "pk": 45,
        "fields": {
            "variant": 8,
            "option": 29
        }
    },
    {
        "model": "products.variant_option",
        "pk": 46,
        "fields": {
            "variant": 18,
            "option": 30
        }
    },
    {
        "model": "products.variant_option",
        "pk": 47,
        "fields": {
            "variant": 18,
            "option": 31
        }
    },
    {
        "model": "products.transportation",
        "pk": 1,
        "fields": {
            "transportation_status": "confirmed",
            "source": null,
            "destination": 1,
            "code": "ba5b75fb",
            "created_at": "2025-07-21T19:17:05.454Z",
            "transported_at": "2025-07-21T19:17:43.888Z",
            "received_at": "2025-07-21T19:17:55.160Z"
        }
    },
    {
        "model": "products.transportation",
        "pk": 2,
        "fields": {
            "transportation_status": "confirmed",
            "source": null,
            "destination": 1,
            "code": "cf909b8c",
            "created_at": "2025-07-21T19:17:19.493Z",
            "transported_at": "2025-07-21T19:18:25.490Z",
            "received_at": "2025-07-21T19:18:48.848Z"
        }
    },
    {
        "model": "products.transportation",
        "pk": 3,
        "fields": {
            "transportation_status": "confirmed",
            "source": null,
            "destination": 1,
            "code": "d8e7f6a5",
            "created_at": "2025-07-22T10:00:00Z",
            "transported_at": "2025-07-22T10:30:00Z",
            "received_at": "2025-07-22T11:00:00Z"
        }
    },
    {
        "model": "products.transportation",
        "pk": 4,
        "fields": {
            "transportation_status": "confirmed",
            "source": null,
            "destination": 1,
            "code": "a1b2c3d4",
            "created_at": "2025-07-23T09:00:00Z",
            "transported_at": "2025-07-23T09:30:00Z",
            "received_at": "2025-07-23T10:00:00Z"
        }
    },
    {
        "model": "products.transportation",
        "pk": 5,
        "fields": {
            "transportation_status": "confirmed",
            "source": null,
            "destination": 1,
            "code": "5a489197",
            "created_at": "2025-08-27T10:44:55.503Z",
            "transported_at": "2025-08-27T14:13:10.481Z",
            "received_at": "2025-08-27T15:11:49.254Z"
        }
    },
    {
        "model": "products.transportation",
        "pk": 6,
        "fields": {
            "transportation_status": "transporting",
            "source": null,
            "destination": null,
            "code": "3f1695d4",
            "created_at": "2025-08-27T10:46:42.437Z",
            "transported_at": "2025-08-27T15:43:05.884Z",
            "received_at": null
        }
    },
    {
        "model": "products.transportation",
        "pk": 9,
        "fields": {
            "transportation_status": "confirmed",
            "source": null,
            "destination": 1,
            "code": "3e033459",
            "created_at": "2025-08-27T15:21:57.894Z",
            "transported_at": "2025-08-27T15:22:11.707Z",
            "received_at": "2025-08-27T15:22:17.262Z"
        }
    },
    {
        "model": "products.transportation",
        "pk": 10,
        "fields": {
            "transportation_status": "transporting",
            "source": null,
            "destination": 1,
            "code": "3bc22d52",
            "created_at": "2025-08-28T08:29:00.046Z",
            "transported_at": "2025-08-28T08:41:15.023Z",
            "received_at": null
        }
    },
    {
        "model": "products.transportation",
        "pk": 11,
        "fields": {
            "transportation_status": "confirmed",
            "source": null,
            "destination": 1,
            "code": "5dbf65ea",
            "created_at": "2025-08-28T08:35:07.334Z",
            "transported_at": "2025-08-28T11:13:01.255Z",
            "received_at": "2025-08-28T11:13:05.413Z"
        }
    },
    {
        "model": "products.transportation",
        "pk": 12,
        "fields": {
            "transportation_status": "packaging",
            "source": null,
            "destination": 1,
            "code": "a023860a",
            "created_at": "2025-08-28T09:48:41.500Z",
            "transported_at": null,
            "received_at": null
        }
    },
    {
        "model": "products.transportation",
        "pk": 13,
        "fields": {
            "transportation_status": "packaging",
            "source": null,
            "destination": 1,
            "code": "41a539c2",
            "created_at": "2025-08-28T10:23:00.977Z",
            "transported_at": null,
            "received_at": null
        }
    },
    {
        "model": "products.transportation",
        "pk": 14,
        "fields": {
            "transportation_status": "packaging",
            "source": null,
            "destination": 1,
            "code": "6cd072cd",
            "created_at": "2025-08-28T10:33:56.413Z",
            "transported_at": null,
            "received_at": null
        }
    },
    {
        "model": "products.transportation",
        "pk": 15,
        "fields": {
            "transportation_status": "confirmed",
            "source": null,
            "destination": 1,
            "code": "1f3c1dcc",
            "created_at": "2025-08-28T10:35:03.654Z",
            "transported_at": "2025-08-28T10:35:35.165Z",
            "received_at": "2025-08-28T10:35:43.719Z"
        }
    },
    {
        "model": "products.transportation",
        "pk": 16,
        "fields": {
            "transportation_status": "packaging",
            "source": null,
            "destination": null,
            "code": "6000dec1",
            "created_at": "2025-08-28T11:02:39.788Z",
            "transported_at": null,
            "received_at": null
        }
    },
    {
        "model": "products.transportation",
        "pk": 17,
        "fields": {
            "transportation_status": "packaging",
            "source": 1,
            "destination": 1,
            "code": "040507eb",
            "created_at": "2025-08-30T12:38:25.948Z",
            "transported_at": null,
            "received_at": null
        }
    },
    {
        "model": "products.transportation",
        "pk": 18,
        "fields": {
            "transportation_status": "packaging",
            "source": null,
            "destination": 1,
            "code": "689f55fc",
            "created_at": "2025-08-30T14:53:37.351Z",
            "transported_at": null,
            "received_at": null
        }
    },
    {
        "model": "products.transportation",
        "pk": 19,
        "fields": {
            "transportation_status": "transporting",
            "source": null,
            "destination": 2,
            "code": "e401ff3f",
            "created_at": "2025-08-30T18:33:36.196Z",
            "transported_at": "2025-08-30T18:42:12.697Z",
            "received_at": null
        }
    },
    {
        "model": "products.transportation",
        "pk": 20,
        "fields": {
            "transportation_status": "confirmed",
            "source": null,
            "destination": 2,
            "code": "cd1a0297",
            "created_at": "2025-08-30T18:47:34.462Z",
            "transported_at": "2025-08-30T18:48:03.990Z",
            "received_at": "2025-08-30T18:48:12.948Z"
        }
    },
    {
        "model": "products.transportation",
        "pk": 21,
        "fields": {
            "transportation_status": "packaging",
            "source": 2,
            "destination": null,
            "code": "17a90c29",
            "created_at": "2025-08-30T20:00:14.567Z",
            "transported_at": null,
            "received_at": null
        }
    },
    {
        "model": "products.transportation",
        "pk": 22,
        "fields": {
            "transportation_status": "packaging",
            "source": 2,
            "destination": null,
            "code": "3d1b832b",
            "created_at": "2025-08-30T20:02:33.878Z",
            "transported_at": null,
            "received_at": null
        }
    },
    {
        "model": "products.transportation",
        "pk": 23,
        "fields": {
            "transportation_status": "packaging",
            "source": 2,
            "destination": null,
            "code": "64a8fa9b",
            "created_at": "2025-08-30T20:07:47.184Z",
            "transported_at": null,
            "received_at": null
        }
    },
    {
        "model": "products.transportation",
        "pk": 24,
        "fields": {
            "transportation_status": "confirmed",
            "source": null,
            "destination": 2,
            "code": "6dba06e9",
            "created_at": "2025-08-30T21:19:19.735Z",
            "transported_at": "2025-08-30T21:20:31.778Z",
            "received_at": "2025-08-30T21:20:40.209Z"
        }
    },
    {
        "model": "products.transportation",
        "pk": 25,
        "fields": {
            "transportation_status": "packaging",
            "source": null,
            "destination": 2,
            "code": "142f4ae5",
            "created_at": "2025-08-30T21:27:52.479Z",
            "transported_at": null,
            "received_at": null
        }
    },
    {
        "model": "products.transportation",
        "pk": 26,
        "fields": {
            "transportation_status": "packaging",
            "source": 2,
            "destination": null,
            "code": "15061438",
            "created_at": "2025-08-31T16:40:35.047Z",
            "transported_at": null,
            "received_at": null
        }
    },
    {
        "model": "products.transportation",
        "pk": 27,
        "fields": {
            "transportation_status": "packaging",
            "source": 2,
            "destination": null,
            "code": "3e0a1f0e",
            "created_at": "2025-08-31T22:35:21.917Z",
            "transported_at": null,
            "received_at": null
        }
    },
    {
        "model": "products.transportation",
        "pk": 28,
        "fields": {
            "transportation_status": "packaging",
            "source": 2,
            "destination": null,
            "code": "c1177544",
            "created_at": "2025-08-31T22:37:29.834Z",
            "transported_at": null,
            "received_at": null
        }
    },
    {
        "model": "products.transportation",
        "pk": 29,
        "fields": {
            "transportation_status": "packaging",
            "source": 2,
            "destination": null,
            "code": "50a08294",
            "created_at": "2025-08-31T22:37:43.441Z",
            "transported_at": null,
            "received_at": null
        }
    },
    {
        "model": "products.transportation",
        "pk": 30,
        "fields": {
            "transportation_status": "packaging",
            "source": 2,
            "destination": null,
            "code": "400c9eba",
            "created_at": "2025-09-01T09:47:14.056Z",
            "transported_at": null,
            "received_at": null
        }
    },
    {
        "model": "products.transportation",
        "pk": 31,
        "fields": {
            "transportation_status": "packaging",
            "source": 2,
            "destination": null,
            "code": "b475f523",
            "created_at": "2025-09-01T09:49:51.174Z",
            "transported_at": null,
            "received_at": null
        }
    },
    {
        "model": "products.transported_products",
        "pk": 1,
        "fields": {
            "transportation": 1,
            "product": 1,
            "quantity": 100
        }
    },
    {
        "model": "products.transported_products",
        "pk": 2,
        "fields": {
            "transportation": 2,
            "product": 2,
            "quantity": 10
        }
    },
    {
        "model": "products.transported_products",
        "pk": 3,
        "fields": {
            "transportation": 3,
            "product": 3,
            "quantity": 20
        }
    },
    {
        "model": "products.transported_products",
        "pk": 4,
        "fields": {
            "transportation": 3,
            "product": 4,
            "quantity": 15
        }
    },
    {
        "model": "products.transported_products",
        "pk": 5,
        "fields": {
            "transportation": 4,
            "product": 5,
            "quantity": 25
        }
    },
    {
        "model": "products.transported_products",
        "pk": 6,
        "fields": {
            "transportation": 4,
            "product": 6,
            "quantity": 30
        }
    },
    {
        "model": "products.transported_products",
        "pk": 7,
        "fields": {
            "transportation": 4,
            "product": 7,
            "quantity": 40
        }
    },
    {
        "model": "products.transported_products",
        "pk": 8,
        "fields": {
            "transportation": 4,
            "product": 8,
            "quantity": 15
        }
    },
    {
        "model": "products.transported_products",
        "pk": 9,
        "fields": {
            "transportation": 5,
            "product": 2,
            "quantity": 10
        }
    },
    {
        "model": "products.transported_products",
        "pk": 10,
        "fields": {
            "transportation": 6,
            "product": 2,
            "quantity": 10
        }
    },
    {
        "model": "products.transported_products",
        "pk": 13,
        "fields": {
            "transportation": 9,
            "product": 4,
            "quantity": 10
        }
    },
    {
        "model": "products.transported_products",
        "pk": 14,
        "fields": {
            "transportation": 10,
            "product": 5,
            "quantity": 10
        }
    },
    {
        "model": "products.transported_products",
        "pk": 15,
        "fields": {
            "transportation": 11,
            "product": 4,
            "quantity": 10
        }
    },
    {
        "model": "products.transported_products",
        "pk": 16,
        "fields": {
            "transportation": 12,
            "product": 5,
            "quantity": 10
        }
    },
    {
        "model": "products.transported_products",
        "pk": 17,
        "fields": {
            "transportation": 13,
            "product": 5,
            "quantity": 10
        }
    },
    {
        "model": "products.transported_products",
        "pk": 18,
        "fields": {
            "transportation": 14,
            "product": 5,
            "quantity": 5
        }
    },
    {
        "model": "products.transported_products",
        "pk": 19,
        "fields": {
            "transportation": 15,
            "product": 5,
            "quantity": 5
        }
    },
    {
        "model": "products.transported_products",
        "pk": 20,
        "fields": {
            "transportation": 16,
            "product": 6,
            "quantity": 0
        }
    },
    {
        "model": "products.transported_products",
        "pk": 21,
        "fields": {
            "transportation": 17,
            "product": 2,
            "quantity": 0
        }
    },
    {
        "model": "products.transported_products",
        "pk": 22,
        "fields": {
            "transportation": 17,
            "product": 2,
            "quantity": 0
        }
    },
    {
        "model": "products.transported_products",
        "pk": 23,
        "fields": {
            "transportation": 18,
            "product": 4,
            "quantity": 70
        }
    },
    {
        "model": "products.transported_products",
        "pk": 24,
        "fields": {
            "transportation": 19,
            "product": 7,
            "quantity": 5
        }
    },
    {
        "model": "products.transported_products",
        "pk": 25,
        "fields": {
            "transportation": 20,
            "product": 7,
            "quantity": 2
        }
    },
    {
        "model": "products.transported_products",
        "pk": 26,
        "fields": {
            "transportation": 24,
            "product": 7,
            "quantity": 6
        }
    },
    {
        "model": "products.transported_products",
        "pk": 27,
        "fields": {
            "transportation": 25,
            "product": 9,
            "quantity": 10
        }
    },
    {
        "model": "products.received_products",
        "pk": 1,
        "fields": {
            "transportation": 1,
            "product": 1,
            "quantity": 100
        }
    },
    {
        "model": "products.received_products",
        "pk": 2,
        "fields": {
            "transportation": 2,
            "product": 2,
            "quantity": 10
        }
    },
    {
        "model": "products.received_products",
        "pk": 3,
        "fields": {
            "transportation": 3,
            "product": 3,
            "quantity": 20
        }
    },
    {
        "model": "products.received_products",
        "pk": 4,
        "fields": {
            "transportation": 3,
            "product": 4,
            "quantity": 15
        }
    },
    {
        "model": "products.received_products",
        "pk": 5,
        "fields": {
            "transportation": 4,
            "product": 5,
            "quantity": 25
        }
    },
    {
        "model": "products.received_products",
        "pk": 6,
        "fields": {
            "transportation": 4,
            "product": 6,
            "quantity": 30
        }
    },
    {
        "model": "products.received_products",
        "pk": 7,
        "fields": {
            "transportation": 4,
            "product": 7,
            "quantity": 40
        }
    },
    {
        "model": "products.received_products",
        "pk": 8,
        "fields": {
            "transportation": 4,
            "product": 8,
            "quantity": 15
        }
    },
    {
        "model": "products.received_products",
        "pk": 9,
        "fields": {
            "transportation": 5,
            "product": 2,
            "quantity": 10
        }
    },
    {
        "model": "products.received_products",
        "pk": 10,
        "fields": {
            "transportation": 9,
            "product": 4,
            "quantity": 9
        }
    },
    {
        "model": "products.received_products",
        "pk": 11,
        "fields": {
            "transportation": 15,
            "product": 5,
            "quantity": 5
        }
    },
    {
        "model": "products.received_products",
        "pk": 12,
        "fields": {
            "transportation": 11,
            "product": 4,
            "quantity": 10
        }
    },
    {
        "model": "products.received_products",
        "pk": 13,
        "fields": {
            "transportation": 20,
            "product": 7,
            "quantity": 2
        }
    },
    {
        "model": "products.received_products",
        "pk": 14,
        "fields": {
            "transportation": 24,
            "product": 7,
            "quantity": 6
        }
    },
    {
        "model": "products.transport_request",
        "pk": 1,
        "fields": {
            "request_status": "rejected",
            "branch": 1,
            "transportation": null,
            "created_at": "2025-07-21T19:19:36.643Z"
        }
    },
    {
        "model": "products.transport_request",
        "pk": 2,
        "fields": {
            "request_status": "rejected",
            "branch": 1,
            "transportation": null,
            "created_at": "2025-08-27T16:03:44.055Z"
        }
    },
    {
        "model": "products.transport_request",
        "pk": 3,
        "fields": {
            "request_status": "rejected",
            "branch": 1,
            "transportation": null,
            "created_at": "2025-08-27T16:04:42.933Z"
        }
    },
    {
        "model": "products.transport_request",
        "pk": 4,
        "fields": {
            "request_status": "rejected",
            "branch": 1,
            "transportation": 11,
            "created_at": "2025-08-27T16:15:06.362Z"
        }
    },
    {
        "model": "products.transport_request",
        "pk": 5,
        "fields": {
            "request_status": "rejected",
            "branch": 1,
            "transportation": 10,
            "created_at": "2025-08-27T16:15:14.503Z"
        }
    },
    {
        "model": "products.transport_request",
        "pk": 6,
        "fields": {
            "request_status": "rejected",
            "branch": 1,
            "transportation": null,
            "created_at": "2025-08-27T16:15:30.900Z"
        }
    },
    {
        "model": "products.transport_request",
        "pk": 7,
        "fields": {
            "request_status": "waiting",
            "branch": 1,
            "transportation": null,
            "created_at": "2025-08-28T08:52:07.690Z"
        }
    },
    {
        "model": "products.transport_request",
        "pk": 8,
        "fields": {
            "request_status": "rejected",
            "branch": 1,
            "transportation": null,
            "created_at": "2025-08-28T08:52:14.606Z"
        }
    },
    {
        "model": "products.transport_request",
        "pk": 9,
        "fields": {
            "request_status": "fully-approved",
            "branch": 1,
            "transportation": 12,
            "created_at": "2025-08-28T09:04:33.966Z"
        }
    },
    {
        "model": "products.transport_request",
        "pk": 10,
        "fields": {
            "request_status": "fully-approved",
            "branch": 1,
            "transportation": 13,
            "created_at": "2025-08-28T10:22:05.170Z"
        }
    },
    {
        "model": "products.transport_request",
        "pk": 11,
        "fields": {
            "request_status": "partially-approved",
            "branch": 1,
            "transportation": 15,
            "created_at": "2025-08-28T10:23:57.245Z"
        }
    },
    {
        "model": "products.requested_products",
        "pk": 1,
        "fields": {
            "request": 1,
            "product_request_status": "rejected",
            "product": 1,
            "quantity": 10
        }
    },
    {
        "model": "products.requested_products",
        "pk": 2,
        "fields": {
            "request": 2,
            "product_request_status": "rejected",
            "product": 1,
            "quantity": 10
        }
    },
    {
        "model": "products.requested_products",
        "pk": 3,
        "fields": {
            "request": 3,
            "product_request_status": "rejected",
            "product": 1,
            "quantity": 10
        }
    },
    {
        "model": "products.requested_products",
        "pk": 4,
        "fields": {
            "request": 4,
            "product_request_status": "rejected",
            "product": 1,
            "quantity": 10
        }
    },
    {
        "model": "products.requested_products",
        "pk": 5,
        "fields": {
            "request": 5,
            "product_request_status": "rejected",
            "product": 1,
            "quantity": 10
        }
    },
    {
        "model": "products.requested_products",
        "pk": 6,
        "fields": {
            "request": 6,
            "product_request_status": "rejected",
            "product": 1,
            "quantity": 10
        }
    },
    {
        "model": "products.requested_products",
        "pk": 7,
        "fields": {
            "request": 7,
            "product_request_status": "waiting",
            "product": 1,
            "quantity": 10
        }
    },
    {
        "model": "products.requested_products",
        "pk": 8,
        "fields": {
            "request": 8,
            "product_request_status": "rejected",
            "product": 5,
            "quantity": 10
        }
    },
    {
        "model": "products.requested_products",
        "pk": 9,
        "fields": {
            "request": 9,
            "product_request_status": "fully-approved",
            "product": 5,
            "quantity": 10
        }
    },
    {
        "model": "products.requested_products",
        "pk": 10,
        "fields": {
            "request": 10,
            "product_request_status": "fully-approved",
            "product": 5,
            "quantity": 10
        }
    },
    {
        "model": "products.requested_products",
        "pk": 11,
        "fields": {
            "request": 11,
            "product_request_status": "partially-approved",
            "product": 5,
            "quantity": 10
        }
    },
    {
        "model": "branches.city",
        "pk": 1,
        "fields": {
            "city_name": "Hama"
        }
    }
]