[
    {
        "model": "employees.Job_Type",
        "pk": 1,
        "fields": {
            "job_type": "CEO"
        }
    },
    {
        "model": "employees.Job_Type",
        "pk": 2,
        "fields": {
            "job_type": "HR"
        }
    },
    {
        "model": "employees.Job_Type",
        "pk": 3,
        "fields": {
            "job_type": "Warehouse Administrator"
        }
    },
    {
        "model": "employees.Job_Type",
        "pk": 4,
        "fields": {
            "job_type": "Manager"
        }
    },
    {
        "model": "employees.Job_Type",
        "pk": 5,
        "fields": {
            "job_type": "Sales Officer"
        }
    },
    {
        "model": "products.Unit",
        "pk": 1,
        "fields": {
            "unit": "GB"
        }
    },
    {
        "model": "products.Unit",
        "pk": 2,
        "fields": {
            "unit": "MP"
        }
    },
    {
        "model": "products.Unit",
        "pk": 3,
        "fields": {
            "unit": "mA"
        }
    },
    {
        "model": "products.Attribute",
        "pk": 1,
        "fields": {
            "attribute": "storage",
            "attribute_type": "number",
            "is_multivalue": false,
            "is_categorical": false,
            "has_unit": true
        }
    },
    {
        "model": "products.Attribute_Unit",
        "pk": 1,
        "fields": {
            "attribute": 1,
            "unit": 1
        }
    },
    {
        "model": "products.Attribute",
        "pk": 2,
        "fields": {
            "attribute": "cameras",
            "attribute_type": "number",
            "is_multivalue": true,
            "is_categorical": false,
            "has_unit": true
        }
    },
    {
        "model": "products.Attribute_Unit",
        "pk": 2,
        "fields": {
            "attribute": 2,
            "unit": 2
        }
    },
    {
        "model": "products.Attribute",
        "pk": 3,
        "fields": {
            "attribute": "battery",
            "attribute_type": "number",
            "is_multivalue": false,
            "is_categorical": false,
            "has_unit": true
        }
    },
    {
        "model": "products.Attribute_Unit",
        "pk": 3,
        "fields": {
            "attribute": 3,
            "unit": 3
        }
    },
    {
        "model": "products.Attribute",
        "pk": 4,
        "fields": {
            "attribute": "color",
            "attribute_type": "number",
            "is_multivalue": false,
            "is_categorical": false,
            "has_unit": false
        }
    },
    {
        "model": "products.Category",
        "pk": 1,
        "fields": {
            "category": "phone",
            "attributes": [
                1,
                3
            ]
        }
    },
    {
        "model": "products.Category_Attribute",
        "pk": 1,
        "fields": {
            "category": 1,
            "attribute": 1
        }
    },
    {
        "model": "products.Category_Attribute",
        "pk": 2,
        "fields": {
            "category": 1,
            "attribute": 3
        }
    },
    {
        "model": "users.user",
        "pk": 1,
        "fields": {
            "last_login": null,
            "is_superuser": true,
            "first_name": "",
            "last_name": "",
            "email": "",
            "is_staff": true,
            "is_active": true,
            "date_joined": "2025-07-21T15:40:48.094Z",
            "username": "NOGA",
            "password": "pbkdf2_sha256$720000$l2tzIb8hUKW6XNXaown1XO$xN0mzbmOKDTZSTnhoLx/9LYlpDSsPkhBfga4oOsZffw=",
            "is_employee": false,
            "groups": [],
            "user_permissions": []
        }
    },
    {
        "model": "users.user",
        "pk": 2,
        "fields": {
            "last_login": null,
            "is_superuser": false,
            "first_name": "",
            "last_name": "",
            "email": "",
            "is_staff": false,
            "is_active": true,
            "date_joined": "2025-07-21T19:20:17.904Z",
            "username": "Oudisho-Qattyne",
            "password": "pbkdf2_sha256$720000$v3cvET5Fyn12O2Cft9KPTC$mvHw1uAoRvT2upqSaFiYj4dRYPOEVNZzNmcLxbkq5wY=",
            "is_employee": false,
            "groups": [],
            "user_permissions": []
        }
    },
    {
        "model": "products.unit",
        "pk": 1,
        "fields": {
            "unit": "GB"
        }
    },
    {
        "model": "products.unit",
        "pk": 2,
        "fields": {
            "unit": "MP"
        }
    },
    {
        "model": "products.unit",
        "pk": 3,
        "fields": {
            "unit": "mA"
        }
    },
    {
        "model": "products.attribute",
        "pk": 1,
        "fields": {
            "attribute": "storage",
            "attribute_type": "number",
            "is_multivalue": false,
            "is_categorical": false,
            "has_unit": true
        }
    },
    {
        "model": "products.attribute",
        "pk": 2,
        "fields": {
            "attribute": "cameras",
            "attribute_type": "number",
            "is_multivalue": true,
            "is_categorical": false,
            "has_unit": true
        }
    },
    {
        "model": "products.attribute",
        "pk": 3,
        "fields": {
            "attribute": "battery",
            "attribute_type": "number",
            "is_multivalue": false,
            "is_categorical": false,
            "has_unit": true
        }
    },
    {
        "model": "products.attribute",
        "pk": 4,
        "fields": {
            "attribute": "color",
            "attribute_type": "number",
            "is_multivalue": false,
            "is_categorical": false,
            "has_unit": false
        }
    },
    {
        "model": "products.attribute_unit",
        "pk": 1,
        "fields": {
            "unit": 1,
            "attribute": 1
        }
    },
    {
        "model": "products.attribute_unit",
        "pk": 2,
        "fields": {
            "unit": 2,
            "attribute": 2
        }
    },
    {
        "model": "products.attribute_unit",
        "pk": 3,
        "fields": {
            "unit": 3,
            "attribute": 3
        }
    },
    {
        "model": "products.option",
        "pk": 1,
        "fields": {
            "option": "64",
            "attribute": 1
        }
    },
    {
        "model": "products.option",
        "pk": 2,
        "fields": {
            "option": "5000",
            "attribute": 3
        }
    },
    {
        "model": "products.option",
        "pk": 3,
        "fields": {
            "option": "128",
            "attribute": 1
        }
    },
    {
        "model": "products.option",
        "pk": 4,
        "fields": {
            "option": "6000",
            "attribute": 3
        }
    },
    {
        "model": "products.option",
        "pk": 5,
        "fields": {
            "option": "128",
            "attribute": 1
        }
    },
    {
        "model": "products.option",
        "pk": 6,
        "fields": {
            "option": "5000",
            "attribute": 3
        }
    },
    {
        "model": "products.option",
        "pk": 7,
        "fields": {
            "option": "128",
            "attribute": 1
        }
    },
    {
        "model": "products.option",
        "pk": 8,
        "fields": {
            "option": "5000",
            "attribute": 3
        }
    },
    {
        "model": "products.option_unit",
        "pk": 1,
        "fields": {
            "option": 1,
            "unit": 1
        }
    },
    {
        "model": "products.option_unit",
        "pk": 2,
        "fields": {
            "option": 2,
            "unit": 3
        }
    },
    {
        "model": "products.option_unit",
        "pk": 3,
        "fields": {
            "option": 3,
            "unit": 1
        }
    },
    {
        "model": "products.option_unit",
        "pk": 4,
        "fields": {
            "option": 4,
            "unit": 3
        }
    },
    {
        "model": "products.option_unit",
        "pk": 5,
        "fields": {
            "option": 5,
            "unit": 1
        }
    },
    {
        "model": "products.option_unit",
        "pk": 6,
        "fields": {
            "option": 6,
            "unit": 3
        }
    },
    {
        "model": "products.option_unit",
        "pk": 7,
        "fields": {
            "option": 7,
            "unit": 1
        }
    },
    {
        "model": "products.option_unit",
        "pk": 8,
        "fields": {
            "option": 8,
            "unit": 3
        }
    },
    {
        "model": "products.category",
        "pk": 1,
        "fields": {
            "category": "phone",
            "parent_category": null
        }
    },
    {
        "model": "products.category_attribute",
        "pk": 1,
        "fields": {
            "category": 1,
            "attribute": 1
        }
    },
    {
        "model": "products.category_attribute",
        "pk": 2,
        "fields": {
            "category": 1,
            "attribute": 3
        }
    },
    {
        "model": "products.product",
        "pk": 1,
        "fields": {
            "product_name": "poco",
            "category": 1,
            "qr_code": "http://127.0.0.1:8000/media/productqr/phone-poco-1.png",
            "qr_codes_download": "http://127.0.0.1:8000/media/productqr/phone-poco-1-download.jpg",
            "linked_products": []
        }
    },
    {
        "model": "products.product",
        "pk": 2,
        "fields": {
            "product_name": "asus",
            "category": 1,
            "qr_code": "http://127.0.0.1:8000/media/productqr/phone-asus-2.png",
            "qr_codes_download": "http://127.0.0.1:8000/media/productqr/phone-asus-2-download.jpg",
            "linked_products": []
        }
    },
    {
        "model": "products.variant",
        "pk": 1,
        "fields": {
            "product": 1,
            "quantity": 0,
            "wholesale_price": 100.0,
            "selling_price": 101.0,
            "sku": "poco-64GB-5000mA"
        }
    },
    {
        "model": "products.variant",
        "pk": 2,
        "fields": {
            "product": 1,
            "quantity": 90,
            "wholesale_price": 100.0,
            "selling_price": 101.0,
            "sku": "poco-128GB-6000mA"
        }
    },
    {
        "model": "products.variant",
        "pk": 3,
        "fields": {
            "product": 1,
            "quantity": 100,
            "wholesale_price": 100.0,
            "selling_price": 101.0,
            "sku": "poco-128GB-5000mA"
        }
    },
    {
        "model": "products.variant",
        "pk": 4,
        "fields": {
            "product": 2,
            "quantity": 100,
            "wholesale_price": 100.0,
            "selling_price": 110.0,
            "sku": "asus-128GB-5000mA"
        }
    },
    {
        "model": "products.variant_option",
        "pk": 1,
        "fields": {
            "variant": 1,
            "option": 1
        }
    },
    {
        "model": "products.variant_option",
        "pk": 2,
        "fields": {
            "variant": 1,
            "option": 2
        }
    },
    {
        "model": "products.variant_option",
        "pk": 3,
        "fields": {
            "variant": 2,
            "option": 3
        }
    },
    {
        "model": "products.variant_option",
        "pk": 4,
        "fields": {
            "variant": 2,
            "option": 4
        }
    },
    {
        "model": "products.variant_option",
        "pk": 5,
        "fields": {
            "variant": 3,
            "option": 5
        }
    },
    {
        "model": "products.variant_option",
        "pk": 6,
        "fields": {
            "variant": 3,
            "option": 6
        }
    },
    {
        "model": "products.variant_option",
        "pk": 7,
        "fields": {
            "variant": 4,
            "option": 7
        }
    },
    {
        "model": "products.variant_option",
        "pk": 8,
        "fields": {
            "variant": 4,
            "option": 8
        }
    },
    {
        "model": "products.transportation",
        "pk": 1,
        "fields": {
            "transportation_status": "confirmed",
            "source": null,
            "destination": 1,
            "code": "ba5b75fb",
            "created_at": "2025-07-21T19:17:05.454Z",
            "transported_at": "2025-07-21T19:17:43.888Z",
            "received_at": "2025-07-21T19:17:55.160Z"
        }
    },
    {
        "model": "products.transportation",
        "pk": 2,
        "fields": {
            "transportation_status": "confirmed",
            "source": null,
            "destination": 1,
            "code": "cf909b8c",
            "created_at": "2025-07-21T19:17:19.493Z",
            "transported_at": "2025-07-21T19:18:25.490Z",
            "received_at": "2025-07-21T19:18:48.848Z"
        }
    },
    {
        "model": "products.transported_products",
        "pk": 1,
        "fields": {
            "transportation": 1,
            "product": 1,
            "quantity": 100
        }
    },
    {
        "model": "products.transported_products",
        "pk": 2,
        "fields": {
            "transportation": 2,
            "product": 2,
            "quantity": 10
        }
    },
    {
        "model": "products.received_products",
        "pk": 1,
        "fields": {
            "transportation": 1,
            "product": 1,
            "quantity": 100
        }
    },
    {
        "model": "products.received_products",
        "pk": 2,
        "fields": {
            "transportation": 2,
            "product": 2,
            "quantity": 10
        }
    },
    {
        "model": "products.transport_request",
        "pk": 1,
        "fields": {
            "request_status": "waiting",
            "branch": 1,
            "transportation": null,
            "created_at": "2025-07-21T19:19:36.643Z"
        }
    },
    {
        "model": "products.requested_products",
        "pk": 1,
        "fields": {
            "request": 1,
            "product_request_status": "waiting",
            "product": 1,
            "quantity": 10
        }
    },
    {
        "model": "branches.city",
        "pk": 1,
        "fields": {
            "city_name": "Hama"
        }
    },
    {
        "model": "branches.branch",
        "pk": 1,
        "fields": {
            "number": 1,
            "location": "Homs",
            "area": "bab tadmor",
            "street": "AlForat",
            "manager": 1,
            "city": 1
        }
    },
    {
        "model": "branches.branch_products",
        "pk": 1,
        "fields": {
            "branch": 1,
            "product": 1,
            "quantity": 100
        }
    },
    {
        "model": "branches.branch_products",
        "pk": 2,
        "fields": {
            "branch": 1,
            "product": 2,
            "quantity": 10
        }
    },
    {
        "model": "employees.job_type",
        "pk": 1,
        "fields": {
            "job_type": "CEO"
        }
    },
    {
        "model": "employees.job_type",
        "pk": 2,
        "fields": {
            "job_type": "HR"
        }
    },
    {
        "model": "employees.job_type",
        "pk": 3,
        "fields": {
            "job_type": "Warehouse Administrator"
        }
    },
    {
        "model": "employees.job_type",
        "pk": 4,
        "fields": {
            "job_type": "Manager"
        }
    },
    {
        "model": "employees.job_type",
        "pk": 5,
        "fields": {
            "job_type": "Sales Officer"
        }
    },
    {
        "model": "employees.employee",
        "pk": 1,
        "fields": {
            "national_number": 111111122,
            "first_name": "Oudisho",
            "middle_name": "Rami",
            "last_name": "QattynyM",
            "email": "oudi@gmail.com",
            "birth_date": "2003-01-01",
            "gender": true,
            "salary": "1313.00",
            "address": "Homs",
            "phone": "44444444",
            "date_of_employment": "2022-01-02",
            "job_type": 4,
            "branch": 1,
            "image": ""
        }
    },
    {
        "model": "employees.workschedule",
        "pk": 1,
        "fields": {
            "name": "winter scheduale",
            "is_active": true,
            "created_at": "2025-07-21T19:03:42.679Z",
            "updated_at": "2025-07-21T19:03:42.679Z"
        }
    },
    {
        "model": "employees.workday",
        "pk": 1,
        "fields": {
            "schedule": 1,
            "day": 0,
            "start_time": "06:00:00",
            "end_time": "15:00:00",
            "is_working_day": true
        }
    },
    {
        "model": "employees.workday",
        "pk": 2,
        "fields": {
            "schedule": 1,
            "day": 1,
            "start_time": "06:00:00",
            "end_time": "15:00:00",
            "is_working_day": true
        }
    },
    {
        "model": "employees.workday",
        "pk": 3,
        "fields": {
            "schedule": 1,
            "day": 2,
            "start_time": "06:00:00",
            "end_time": "15:00:00",
            "is_working_day": true
        }
    },
    {
        "model": "employees.workday",
        "pk": 4,
        "fields": {
            "schedule": 1,
            "day": 3,
            "start_time": "06:00:00",
            "end_time": "15:00:00",
            "is_working_day": true
        }
    },
    {
        "model": "employees.workday",
        "pk": 5,
        "fields": {
            "schedule": 1,
            "day": 4,
            "start_time": "06:00:00",
            "end_time": "15:00:00",
            "is_working_day": true
        }
    },
    {
        "model": "employees.workday",
        "pk": 6,
        "fields": {
            "schedule": 1,
            "day": 5,
            "start_time": "06:00:00",
            "end_time": "15:00:00",
            "is_working_day": true
        }
    },
    {
        "model": "mobile.client_profile",
        "pk": 1,
        "fields": {
            "national_number": 1,
            "first_name": "Oudisho",
            "middle_name": "Rami",
            "last_name": "Qattyne",
            "email": "test@gmail.com",
            "birth_date": "2003-06-01",
            "gender": true,
            "address": "Homs",
            "phone": "0956626795",
            "image": "",
            "user": 2
        }
    },
    {
        "model": "mobile.comment",
        "pk": 1,
        "fields": {
            "user_id": 2,
            "product_id": 1,
            "comment_text": "wrong name",
            "replay_to": null,
            "created_at": "2025-07-21T19:29:38.736Z",
            "updated_at": "2025-07-21T19:29:38.736Z"
        }
    },
    {
        "model": "mobile.comment",
        "pk": 2,
        "fields": {
            "user_id": 2,
            "product_id": 1,
            "comment_text": "okay",
            "replay_to": 1,
            "created_at": "2025-07-21T19:30:16.122Z",
            "updated_at": "2025-07-21T19:30:16.122Z"
        }
    },
    {
        "model": "mobile.like",
        "pk": 1,
        "fields": {
            "user_id": 2,
            "product_id": 1
        }
    },
    {
        "model": "mobile.save",
        "pk": 1,
        "fields": {
            "user": 2,
            "product": 1,
            "saves_at": "2025-07-21T19:27:31.155Z"
        }
    },
    {
        "model": "mobile.review",
        "pk": 1,
        "fields": {
            "user": 2,
            "product": 1,
            "rating": 5,
            "comment": "thats good",
            "created_at": "2025-07-21T19:29:06.853Z",
            "updated_at": "2025-07-21T19:29:06.853Z"
        }
    },
    {
        "model": "products.unit",
        "pk": 4,
        "fields": {
            "unit": "inches"
        }
    },
    {
        "model": "products.unit",
        "pk": 5,
        "fields": {
            "unit": "GHz"
        }
    },
    {
        "model": "products.attribute",
        "pk": 5,
        "fields": {
            "attribute": "screen_size",
            "attribute_type": "number",
            "is_multivalue": false,
            "is_categorical": false,
            "has_unit": true
        }
    },
    {
        "model": "products.attribute",
        "pk": 6,
        "fields": {
            "attribute": "processor_speed",
            "attribute_type": "number",
            "is_multivalue": false,
            "is_categorical": false,
            "has_unit": true
        }
    },
    {
        "model": "products.attribute",
        "pk": 7,
        "fields": {
            "attribute": "ram",
            "attribute_type": "number",
            "is_multivalue": false,
            "is_categorical": false,
            "has_unit": true
        }
    },
    {
        "model": "products.attribute_unit",
        "pk": 4,
        "fields": {
            "unit": 4,
            "attribute": 5
        }
    },
    {
        "model": "products.attribute_unit",
        "pk": 5,
        "fields": {
            "unit": 5,
            "attribute": 6
        }
    },
    {
        "model": "products.attribute_unit",
        "pk": 6,
        "fields": {
            "unit": 1,
            "attribute": 7
        }
    },
    {
        "model": "products.option",
        "pk": 9,
        "fields": {
            "option": "6.1",
            "attribute": 5
        }
    },
    {
        "model": "products.option",
        "pk": 10,
        "fields": {
            "option": "6.7",
            "attribute": 5
        }
    },
    {
        "model": "products.option",
        "pk": 11,
        "fields": {
            "option": "2.5",
            "attribute": 6
        }
    },
    {
        "model": "products.option",
        "pk": 12,
        "fields": {
            "option": "3.2",
            "attribute": 6
        }
    },
    {
        "model": "products.option",
        "pk": 13,
        "fields": {
            "option": "8",
            "attribute": 7
        }
    },
    {
        "model": "products.option",
        "pk": 14,
        "fields": {
            "option": "12",
            "attribute": 7
        }
    },
    {
        "model": "products.option_unit",
        "pk": 9,
        "fields": {
            "option": 9,
            "unit": 4
        }
    },
    {
        "model": "products.option_unit",
        "pk": 10,
        "fields": {
            "option": 10,
            "unit": 4
        }
    },
    {
        "model": "products.option_unit",
        "pk": 11,
        "fields": {
            "option": 11,
            "unit": 5
        }
    },
    {
        "model": "products.option_unit",
        "pk": 12,
        "fields": {
            "option": 12,
            "unit": 5
        }
    },
    {
        "model": "products.option_unit",
        "pk": 13,
        "fields": {
            "option": 13,
            "unit": 1
        }
    },
    {
        "model": "products.option_unit",
        "pk": 14,
        "fields": {
            "option": 14,
            "unit": 1
        }
    },
    {
        "model": "products.category",
        "pk": 2,
        "fields": {
            "category": "laptop",
            "parent_category": null
        }
    },
    {
        "model": "products.category_attribute",
        "pk": 3,
        "fields": {
            "category": 2,
            "attribute": 5
        }
    },
    {
        "model": "products.category_attribute",
        "pk": 4,
        "fields": {
            "category": 2,
            "attribute": 6
        }
    },
    {
        "model": "products.category_attribute",
        "pk": 5,
        "fields": {
            "category": 2,
            "attribute": 7
        }
    },
    {
        "model": "products.product",
        "pk": 3,
        "fields": {
            "product_name": "dell_xps",
            "category": 2,
            "qr_code": "http://127.0.0.1:8000/media/productqr/laptop-dell_xps-3.png",
            "qr_codes_download": "http://127.0.0.1:8000/media/productqr/laptop-dell_xps-3-download.jpg",
            "linked_products": []
        }
    },
    {
        "model": "products.product",
        "pk": 4,
        "fields": {
            "product_name": "macbook_pro",
            "category": 2,
            "qr_code": "http://127.0.0.1:8000/media/productqr/laptop-macbook_pro-4.png",
            "qr_codes_download": "http://127.0.0.1:8000/media/productqr/laptop-macbook_pro-4-download.jpg",
            "linked_products": []
        }
    },
    {
        "model": "products.variant",
        "pk": 5,
        "fields": {
            "product": 3,
            "quantity": 50,
            "wholesale_price": 1200.0,
            "selling_price": 1500.0,
            "sku": "dell_xps-15inch-2.5GHz-8GB"
        }
    },
    {
        "model": "products.variant",
        "pk": 6,
        "fields": {
            "product": 3,
            "quantity": 30,
            "wholesale_price": 1500.0,
            "selling_price": 1800.0,
            "sku": "dell_xps-15inch-3.2GHz-12GB"
        }
    },
    {
        "model": "products.variant",
        "pk": 7,
        "fields": {
            "product": 4,
            "quantity": 40,
            "wholesale_price": 2000.0,
            "selling_price": 2500.0,
            "sku": "macbook_pro-13inch-2.5GHz-8GB"
        }
    },
    {
        "model": "products.variant",
        "pk": 8,
        "fields": {
            "product": 4,
            "quantity": 25,
            "wholesale_price": 2500.0,
            "selling_price": 3000.0,
            "sku": "macbook_pro-13inch-3.2GHz-12GB"
        }
    },
    {
        "model": "products.variant_option",
        "pk": 9,
        "fields": {
            "variant": 5,
            "option": 9
        }
    },
    {
        "model": "products.variant_option",
        "pk": 10,
        "fields": {
            "variant": 5,
            "option": 11
        }
    },
    {
        "model": "products.variant_option",
        "pk": 11,
        "fields": {
            "variant": 5,
            "option": 13
        }
    },
    {
        "model": "products.variant_option",
        "pk": 12,
        "fields": {
            "variant": 6,
            "option": 9
        }
    },
    {
        "model": "products.variant_option",
        "pk": 13,
        "fields": {
            "variant": 6,
            "option": 12
        }
    },
    {
        "model": "products.variant_option",
        "pk": 14,
        "fields": {
            "variant": 6,
            "option": 14
        }
    },
    {
        "model": "products.variant_option",
        "pk": 15,
        "fields": {
            "variant": 7,
            "option": 10
        }
    },
    {
        "model": "products.variant_option",
        "pk": 16,
        "fields": {
            "variant": 7,
            "option": 11
        }
    },
    {
        "model": "products.variant_option",
        "pk": 17,
        "fields": {
            "variant": 7,
            "option": 13
        }
    },
    {
        "model": "products.variant_option",
        "pk": 18,
        "fields": {
            "variant": 8,
            "option": 10
        }
    },
    {
        "model": "products.variant_option",
        "pk": 19,
        "fields": {
            "variant": 8,
            "option": 12
        }
    },
    {
        "model": "products.variant_option",
        "pk": 20,
        "fields": {
            "variant": 8,
            "option": 14
        }
    },
    {
        "model": "products.transportation",
        "pk": 3,
        "fields": {
            "transportation_status": "confirmed",
            "source": null,
            "destination": 1,
            "code": "d8e7f6a5",
            "created_at": "2025-07-22T10:00:00.000Z",
            "transported_at": "2025-07-22T10:30:00.000Z",
            "received_at": "2025-07-22T11:00:00.000Z"
        }
    },
    {
        "model": "products.transported_products",
        "pk": 3,
        "fields": {
            "transportation": 3,
            "product": 3,
            "quantity": 20
        }
    },
    {
        "model": "products.transported_products",
        "pk": 4,
        "fields": {
            "transportation": 3,
            "product": 4,
            "quantity": 15
        }
    },
    {
        "model": "products.received_products",
        "pk": 3,
        "fields": {
            "transportation": 3,
            "product": 3,
            "quantity": 20
        }
    },
    {
        "model": "products.received_products",
        "pk": 4,
        "fields": {
            "transportation": 3,
            "product": 4,
            "quantity": 15
        }
    },
    {
        "model": "branches.branch_products",
        "pk": 3,
        "fields": {
            "branch": 1,
            "product": 3,
            "quantity": 20
        }
    },
    {
        "model": "branches.branch_products",
        "pk": 4,
        "fields": {
            "branch": 1,
            "product": 4,
            "quantity": 15
        }
    },
    {
        "model": "mobile.like",
        "pk": 2,
        "fields": {
            "user_id": 2,
            "product_id": 3
        }
    },
    {
        "model": "mobile.like",
        "pk": 3,
        "fields": {
            "user_id": 2,
            "product_id": 4
        }
    },
    {
        "model": "mobile.save",
        "pk": 2,
        "fields": {
            "user": 2,
            "product": 3,
            "saves_at": "2025-07-22T12:00:00.000Z"
        }
    },
    {
        "model": "mobile.save",
        "pk": 3,
        "fields": {
            "user": 2,
            "product": 4,
            "saves_at": "2025-07-22T12:30:00.000Z"
        }
    },
    {
        "model": "mobile.review",
        "pk": 2,
        "fields": {
            "user": 2,
            "product": 3,
            "rating": 4,
            "comment": "Great laptop, fast performance",
            "created_at": "2025-07-22T13:00:00.000Z",
            "updated_at": "2025-07-22T13:00:00.000Z"
        }
    },
    {
        "model": "mobile.review",
        "pk": 3,
        "fields": {
            "user": 2,
            "product": 4,
            "rating": 5,
            "comment": "Excellent build quality and battery life",
            "created_at": "2025-07-22T13:30:00.000Z",
            "updated_at": "2025-07-22T13:30:00.000Z"
        }
    },
    {
        "model": "mobile.comment",
        "pk": 3,
        "fields": {
            "user_id": 2,
            "product_id": 3,
            "comment_text": "How's the battery life?",
            "replay_to": null,
            "created_at": "2025-07-22T14:00:00.000Z",
            "updated_at": "2025-07-22T14:00:00.000Z"
        }
    },
    {
        "model": "mobile.comment",
        "pk": 4,
        "fields": {
            "user_id": 2,
            "product_id": 4,
            "comment_text": "Worth the price?",
            "replay_to": null,
            "created_at": "2025-07-22T14:30:00.000Z",
            "updated_at": "2025-07-22T14:30:00.000Z"
        }
    },
    {
        "model": "products.unit",
        "pk": 6,
        "fields": {
            "unit": "Mp"
        }
    },
    {
        "model": "products.unit",
        "pk": 7,
        "fields": {
            "unit": "hours"
        }
    },
    {
        "model": "products.unit",
        "pk": 8,
        "fields": {
            "unit": "W"
        }
    },
    {
        "model": "products.attribute",
        "pk": 8,
        "fields": {
            "attribute": "camera_quality",
            "attribute_type": "number",
            "is_multivalue": false,
            "is_categorical": false,
            "has_unit": true
        }
    },
    {
        "model": "products.attribute",
        "pk": 9,
        "fields": {
            "attribute": "battery_life",
            "attribute_type": "number",
            "is_multivalue": false,
            "is_categorical": false,
            "has_unit": true
        }
    },
    {
        "model": "products.attribute",
        "pk": 10,
        "fields": {
            "attribute": "charging_speed",
            "attribute_type": "number",
            "is_multivalue": false,
            "is_categorical": false,
            "has_unit": true
        }
    },
    {
        "model": "products.attribute",
        "pk": 11,
        "fields": {
            "attribute": "refresh_rate",
            "attribute_type": "number",
            "is_multivalue": false,
            "is_categorical": false,
            "has_unit": true
        }
    },
    {
        "model": "products.attribute",
        "pk": 12,
        "fields": {
            "attribute": "storage_type",
            "attribute_type": "text",
            "is_multivalue": false,
            "is_categorical": true,
            "has_unit": false
        }
    },
    {
        "model": "products.attribute_unit",
        "pk": 7,
        "fields": {
            "unit": 6,
            "attribute": 8
        }
    },
    {
        "model": "products.attribute_unit",
        "pk": 8,
        "fields": {
            "unit": 7,
            "attribute": 9
        }
    },
    {
        "model": "products.attribute_unit",
        "pk": 9,
        "fields": {
            "unit": 8,
            "attribute": 10
        }
    },
    {
        "model": "products.attribute_unit",
        "pk": 10,
        "fields": {
            "unit": 1,
            "attribute": 11
        }
    },
    {
        "model": "products.option",
        "pk": 15,
        "fields": {
            "option": "48",
            "attribute": 8
        }
    },
    {
        "model": "products.option",
        "pk": 16,
        "fields": {
            "option": "64",
            "attribute": 8
        }
    },
    {
        "model": "products.option",
        "pk": 17,
        "fields": {
            "option": "10",
            "attribute": 9
        }
    },
    {
        "model": "products.option",
        "pk": 18,
        "fields": {
            "option": "15",
            "attribute": 9
        }
    },
    {
        "model": "products.option",
        "pk": 19,
        "fields": {
            "option": "25",
            "attribute": 10
        }
    },
    {
        "model": "products.option",
        "pk": 20,
        "fields": {
            "option": "45",
            "attribute": 10
        }
    },
    {
        "model": "products.option",
        "pk": 21,
        "fields": {
            "option": "90",
            "attribute": 11
        }
    },
    {
        "model": "products.option",
        "pk": 22,
        "fields": {
            "option": "120",
            "attribute": 11
        }
    },
    {
        "model": "products.option",
        "pk": 23,
        "fields": {
            "option": "SSD",
            "attribute": 12
        }
    },
    {
        "model": "products.option",
        "pk": 24,
        "fields": {
            "option": "HDD",
            "attribute": 12
        }
    },
    {
        "model": "products.option_unit",
        "pk": 15,
        "fields": {
            "option": 15,
            "unit": 6
        }
    },
    {
        "model": "products.option_unit",
        "pk": 16,
        "fields": {
            "option": 16,
            "unit": 6
        }
    },
    {
        "model": "products.option_unit",
        "pk": 17,
        "fields": {
            "option": 17,
            "unit": 7
        }
    },
    {
        "model": "products.option_unit",
        "pk": 18,
        "fields": {
            "option": 18,
            "unit": 7
        }
    },
    {
        "model": "products.option_unit",
        "pk": 19,
        "fields": {
            "option": 19,
            "unit": 8
        }
    },
    {
        "model": "products.option_unit",
        "pk": 20,
        "fields": {
            "option": 20,
            "unit": 8
        }
    },
    {
        "model": "products.option_unit",
        "pk": 21,
        "fields": {
            "option": 21,
            "unit": 1
        }
    },
    {
        "model": "products.option_unit",
        "pk": 22,
        "fields": {
            "option": 22,
            "unit": 1
        }
    },
    {
        "model": "products.category",
        "pk": 3,
        "fields": {
            "category": "tablet",
            "parent_category": null
        }
    },
    {
        "model": "products.category",
        "pk": 4,
        "fields": {
            "category": "smartwatch",
            "parent_category": null
        }
    },
    {
        "model": "products.category",
        "pk": 5,
        "fields": {
            "category": "camera",
            "parent_category": null
        }
    },
    {
        "model": "products.category_attribute",
        "pk": 6,
        "fields": {
            "category": 3,
            "attribute": 5
        }
    },
    {
        "model": "products.category_attribute",
        "pk": 7,
        "fields": {
            "category": 3,
            "attribute": 7
        }
    },
    {
        "model": "products.category_attribute",
        "pk": 8,
        "fields": {
            "category": 3,
            "attribute": 9
        }
    },
    {
        "model": "products.category_attribute",
        "pk": 9,
        "fields": {
            "category": 4,
            "attribute": 9
        }
    },
    {
        "model": "products.category_attribute",
        "pk": 10,
        "fields": {
            "category": 4,
            "attribute": 11
        }
    },
    {
        "model": "products.category_attribute",
        "pk": 11,
        "fields": {
            "category": 5,
            "attribute": 8
        }
    },
    {
        "model": "products.category_attribute",
        "pk": 12,
        "fields": {
            "category": 5,
            "attribute": 9
        }
    },
    {
        "model": "products.product",
        "pk": 5,
        "fields": {
            "product_name": "ipad_air",
            "category": 3,
            "qr_code": "http://127.0.0.1:8000/media/productqr/tablet-ipad_air-5.png",
            "qr_codes_download": "http://127.0.0.1:8000/media/productqr/tablet-ipad_air-5-download.jpg",
            "linked_products": []
        }
    },
    {
        "model": "products.product",
        "pk": 6,
        "fields": {
            "product_name": "samsung_tab",
            "category": 3,
            "qr_code": "http://127.0.0.1:8000/media/productqr/tablet-samsung_tab-6.png",
            "qr_codes_download": "http://127.0.0.1:8000/media/productqr/tablet-samsung_tab-6-download.jpg",
            "linked_products": []
        }
    },
    {
        "model": "products.product",
        "pk": 7,
        "fields": {
            "product_name": "apple_watch",
            "category": 4,
            "qr_code": "http://127.0.0.1:8000/media/productqr/smartwatch-apple_watch-7.png",
            "qr_codes_download": "http://127.0.0.1:8000/media/productqr/smartwatch-apple_watch-7-download.jpg",
            "linked_products": []
        }
    },
    {
        "model": "products.product",
        "pk": 8,
        "fields": {
            "product_name": "canon_eos",
            "category": 5,
            "qr_code": "http://127.0.0.1:8000/media/productqr/camera-canon_eos-8.png",
            "qr_codes_download": "http://127.0.0.1:8000/media/productqr/camera-canon_eos-8-download.jpg",
            "linked_products": []
        }
    },
    {
        "model": "products.variant",
        "pk": 9,
        "fields": {
            "product": 5,
            "quantity": 35,
            "wholesale_price": 600.0,
            "selling_price": 750.0,
            "sku": "ipad_air-10.9inch-8GB-10hours"
        }
    },
    {
        "model": "products.variant",
        "pk": 10,
        "fields": {
            "product": 5,
            "quantity": 25,
            "wholesale_price": 800.0,
            "selling_price": 950.0,
            "sku": "ipad_air-10.9inch-12GB-15hours"
        }
    },
    {
        "model": "products.variant",
        "pk": 11,
        "fields": {
            "product": 6,
            "quantity": 40,
            "wholesale_price": 400.0,
            "selling_price": 500.0,
            "sku": "samsung_tab-10.4inch-8GB-10hours"
        }
    },
    {
        "model": "products.variant",
        "pk": 12,
        "fields": {
            "product": 6,
            "quantity": 30,
            "wholesale_price": 500.0,
            "selling_price": 600.0,
            "sku": "samsung_tab-10.4inch-12GB-15hours"
        }
    },
    {
        "model": "products.variant",
        "pk": 13,
        "fields": {
            "product": 7,
            "quantity": 50,
            "wholesale_price": 300.0,
            "selling_price": 400.0,
            "sku": "apple_watch-18hours-90Hz"
        }
    },
    {
        "model": "products.variant",
        "pk": 14,
        "fields": {
            "product": 7,
            "quantity": 35,
            "wholesale_price": 400.0,
            "selling_price": 500.0,
            "sku": "apple_watch-24hours-120Hz"
        }
    },
    {
        "model": "products.variant",
        "pk": 15,
        "fields": {
            "product": 8,
            "quantity": 20,
            "wholesale_price": 800.0,
            "selling_price": 1000.0,
            "sku": "canon_eos-48MP-15hours"
        }
    },
    {
        "model": "products.variant",
        "pk": 16,
        "fields": {
            "product": 8,
            "quantity": 15,
            "wholesale_price": 1000.0,
            "selling_price": 1200.0,
            "sku": "canon_eos-64MP-20hours"
        }
    },
    {
        "model": "products.variant_option",
        "pk": 21,
        "fields": {
            "variant": 9,
            "option": 10
        }
    },
    {
        "model": "products.variant_option",
        "pk": 22,
        "fields": {
            "variant": 9,
            "option": 13
        }
    },
    {
        "model": "products.variant_option",
        "pk": 23,
        "fields": {
            "variant": 9,
            "option": 17
        }
    },
    {
        "model": "products.variant_option",
        "pk": 24,
        "fields": {
            "variant": 10,
            "option": 10
        }
    },
    {
        "model": "products.variant_option",
        "pk": 25,
        "fields": {
            "variant": 10,
            "option": 14
        }
    },
    {
        "model": "products.variant_option",
        "pk": 26,
        "fields": {
            "variant": 10,
            "option": 18
        }
    },
    {
        "model": "products.variant_option",
        "pk": 27,
        "fields": {
            "variant": 11,
            "option": 10
        }
    },
    {
        "model": "products.variant_option",
        "pk": 28,
        "fields": {
            "variant": 11,
            "option": 13
        }
    },
    {
        "model": "products.variant_option",
        "pk": 29,
        "fields": {
            "variant": 11,
            "option": 17
        }
    },
    {
        "model": "products.variant_option",
        "pk": 30,
        "fields": {
            "variant": 12,
            "option": 10
        }
    },
    {
        "model": "products.variant_option",
        "pk": 31,
        "fields": {
            "variant": 12,
            "option": 14
        }
    },
    {
        "model": "products.variant_option",
        "pk": 32,
        "fields": {
            "variant": 12,
            "option": 18
        }
    },
    {
        "model": "products.variant_option",
        "pk": 33,
        "fields": {
            "variant": 13,
            "option": 18
        }
    },
    {
        "model": "products.variant_option",
        "pk": 34,
        "fields": {
            "variant": 13,
            "option": 21
        }
    },
    {
        "model": "products.variant_option",
        "pk": 35,
        "fields": {
            "variant": 14,
            "option": 18
        }
    },
    {
        "model": "products.variant_option",
        "pk": 36,
        "fields": {
            "variant": 14,
            "option": 22
        }
    },
    {
        "model": "products.variant_option",
        "pk": 37,
        "fields": {
            "variant": 15,
            "option": 15
        }
    },
    {
        "model": "products.variant_option",
        "pk": 38,
        "fields": {
            "variant": 15,
            "option": 17
        }
    },
    {
        "model": "products.variant_option",
        "pk": 39,
        "fields": {
            "variant": 16,
            "option": 16
        }
    },
    {
        "model": "products.variant_option",
        "pk": 40,
        "fields": {
            "variant": 16,
            "option": 18
        }
    },
    {
        "model": "products.transportation",
        "pk": 4,
        "fields": {
            "transportation_status": "confirmed",
            "source": null,
            "destination": 1,
            "code": "a1b2c3d4",
            "created_at": "2025-07-23T09:00:00.000Z",
            "transported_at": "2025-07-23T09:30:00.000Z",
            "received_at": "2025-07-23T10:00:00.000Z"
        }
    },
    {
        "model": "products.transported_products",
        "pk": 5,
        "fields": {
            "transportation": 4,
            "product": 5,
            "quantity": 25
        }
    },
    {
        "model": "products.transported_products",
        "pk": 6,
        "fields": {
            "transportation": 4,
            "product": 6,
            "quantity": 30
        }
    },
    {
        "model": "products.transported_products",
        "pk": 7,
        "fields": {
            "transportation": 4,
            "product": 7,
            "quantity": 40
        }
    },
    {
        "model": "products.transported_products",
        "pk": 8,
        "fields": {
            "transportation": 4,
            "product": 8,
            "quantity": 15
        }
    },
    {
        "model": "products.received_products",
        "pk": 5,
        "fields": {
            "transportation": 4,
            "product": 5,
            "quantity": 25
        }
    },
    {
        "model": "products.received_products",
        "pk": 6,
        "fields": {
            "transportation": 4,
            "product": 6,
            "quantity": 30
        }
    },
    {
        "model": "products.received_products",
        "pk": 7,
        "fields": {
            "transportation": 4,
            "product": 7,
            "quantity": 40
        }
    },
    {
        "model": "products.received_products",
        "pk": 8,
        "fields": {
            "transportation": 4,
            "product": 8,
            "quantity": 15
        }
    },
    {
        "model": "branches.branch_products",
        "pk": 5,
        "fields": {
            "branch": 1,
            "product": 5,
            "quantity": 25
        }
    },
    {
        "model": "branches.branch_products",
        "pk": 6,
        "fields": {
            "branch": 1,
            "product": 6,
            "quantity": 30
        }
    },
    {
        "model": "branches.branch_products",
        "pk": 7,
        "fields": {
            "branch": 1,
            "product": 7,
            "quantity": 40
        }
    },
    {
        "model": "branches.branch_products",
        "pk": 8,
        "fields": {
            "branch": 1,
            "product": 8,
            "quantity": 15
        }
    },
    {
        "model": "mobile.like",
        "pk": 4,
        "fields": {
            "user_id": 2,
            "product_id": 5
        }
    },
    {
        "model": "mobile.like",
        "pk": 5,
        "fields": {
            "user_id": 2,
            "product_id": 6
        }
    },
    {
        "model": "mobile.like",
        "pk": 6,
        "fields": {
            "user_id": 2,
            "product_id": 7
        }
    },
    {
        "model": "mobile.like",
        "pk": 7,
        "fields": {
            "user_id": 2,
            "product_id": 8
        }
    },
    {
        "model": "mobile.save",
        "pk": 4,
        "fields": {
            "user": 2,
            "product": 5,
            "saves_at": "2025-07-23T11:00:00.000Z"
        }
    },
    {
        "model": "mobile.save",
        "pk": 5,
        "fields": {
            "user": 2,
            "product": 6,
            "saves_at": "2025-07-23T11:30:00.000Z"
        }
    },
    {
        "model": "mobile.save",
        "pk": 6,
        "fields": {
            "user": 2,
            "product": 7,
            "saves_at": "2025-07-23T12:00:00.000Z"
        }
    },
    {
        "model": "mobile.save",
        "pk": 7,
        "fields": {
            "user": 2,
            "product": 8,
            "saves_at": "2025-07-23T12:30:00.000Z"
        }
    },
    {
        "model": "mobile.review",
        "pk": 4,
        "fields": {
            "user": 2,
            "product": 5,
            "rating": 4,
            "comment": "Great tablet for work and entertainment",
            "created_at": "2025-07-23T13:00:00.000Z",
            "updated_at": "2025-07-23T13:00:00.000Z"
        }
    },
    {
        "model": "mobile.review",
        "pk": 5,
        "fields": {
            "user": 2,
            "product": 6,
            "rating": 3,
            "comment": "Good value for money",
            "created_at": "2025-07-23T13:30:00.000Z",
            "updated_at": "2025-07-23T13:30:00.000Z"
        }
    },
    {
        "model": "mobile.review",
        "pk": 6,
        "fields": {
            "user": 2,
            "product": 7,
            "rating": 5,
            "comment": "Perfect fitness companion",
            "created_at": "2025-07-23T14:00:00.000Z",
            "updated_at": "2025-07-23T14:00:00.000Z"
        }
    },
    {
        "model": "mobile.review",
        "pk": 7,
        "fields": {
            "user": 2,
            "product": 8,
            "rating": 4,
            "comment": "Excellent camera quality",
            "created_at": "2025-07-23T14:30:00.000Z",
            "updated_at": "2025-07-23T14:30:00.000Z"
        }
    },
    {
        "model": "sales.customer",
        "pk": 1,
        "fields": {
            "national_number": "123456789",
            "first_name": "Naya",
            "last_name": "Zidan",
            "phone_number": "0956626795",
            "gender": true
        }
    },
    {
       "model": "sales.coupon",
        "pk": 1, 
        "fields": {
            "code" : "NOGA",
            "start_date" : "2025-01-01",
            "end_date" : "2025-12-10",
            "created_at" : "2025-08-28 13:48:35.563430",
            "amount" : 10.0,
            "discount_type" : "fixed",
            "min_price" : 100.0,
            "max_price" : null,
            "quantity" : 10
        }
    },
    {
        "model": "sales.purchase",
        "pk": 12,
        "fields": {
            "branch": 1,
            "customer": 1,
            "status": "completed",
            "date_of_purchase": "2025-08-29T11:30:15.234Z",
            "created_at": "2025-08-29T11:30:15.234Z",
            "subtotal_price": 303.0,
            "total_price": 303.0,
            "has_coupon": false,
            "coupon": null
        }
    },
    {
        "model": "sales.purchase",
        "pk": 13,
        "fields": {
            "branch": 1,
            "customer": 1,
            "status": "completed",
            "date_of_purchase": "2025-08-29T14:45:22.567Z",
            "created_at": "2025-08-29T14:45:22.567Z",
            "subtotal_price": 1800.0,
            "total_price": 1800.0,
            "has_coupon": false,
            "coupon": null
        }
    },
    {
        "model": "sales.purchase",
        "pk": 14,
        "fields": {
            "branch": 1,
            "customer": 1,
            "status": "completed",
            "date_of_purchase": "2025-08-30T09:15:33.891Z",
            "created_at": "2025-08-30T09:15:33.891Z",
            "subtotal_price": 950.0,
            "total_price": 950.0,
            "has_coupon": false,
            "coupon": null
        }
    },
    {
        "model": "sales.purchase",
        "pk": 15,
        "fields": {
            "branch": 1,
            "customer": 1,
            "status": "completed",
            "date_of_purchase": "2025-08-30T11:20:44.123Z",
            "created_at": "2025-08-30T11:20:44.123Z",
            "subtotal_price": 600.0,
            "total_price": 600.0,
            "has_coupon": false,
            "coupon": null
        }
    },
    {
        "model": "sales.purchase",
        "pk": 16,
        "fields": {
            "branch": 1,
            "customer": 1,
            "status": "completed",
            "date_of_purchase": "2025-08-30T15:40:55.456Z",
            "created_at": "2025-08-30T15:40:55.456Z",
            "subtotal_price": 1200.0,
            "total_price": 1200.0,
            "has_coupon": false,
            "coupon": null
        }
    },
    {
        "model": "sales.purchase",
        "pk": 17,
        "fields": {
            "branch": 1,
            "customer": 1,
            "status": "completed",
            "date_of_purchase": "2025-08-31T10:25:11.789Z",
            "created_at": "2025-08-31T10:25:11.789Z",
            "subtotal_price": 2490.0,
            "total_price": 2490.0,
            "has_coupon": true,
            "coupon": 1
        }
    },
    {
        "model": "sales.purchase",
        "pk": 18,
        "fields": {
            "branch": 1,
            "customer": 1,
            "status": "completed",
            "date_of_purchase": "2025-08-31T13:35:22.012Z",
            "created_at": "2025-08-31T13:35:22.012Z",
            "subtotal_price": 101.0,
            "total_price": 101.0,
            "has_coupon": false,
            "coupon": null
        }
    },
    {
        "model": "sales.purchase",
        "pk": 19,
        "fields": {
            "branch": 1,
            "customer": 1,
            "status": "completed",
            "date_of_purchase": "2025-08-31T16:45:33.345Z",
            "created_at": "2025-08-31T16:45:33.345Z",
            "subtotal_price": 750.0,
            "total_price": 750.0,
            "has_coupon": false,
            "coupon": null
        }
    },
    {
        "model": "sales.purchase",
        "pk": 20,
        "fields": {
            "branch": 1,
            "customer": 1,
            "status": "completed",
            "date_of_purchase": "2025-09-01T09:55:44.678Z",
            "created_at": "2025-09-01T09:55:44.678Z",
            "subtotal_price": 500.0,
            "total_price": 500.0,
            "has_coupon": false,
            "coupon": null
        }
    },
    {
        "model": "sales.purchase",
        "pk": 21,
        "fields": {
            "branch": 1,
            "customer": 1,
            "status": "completed",
            "date_of_purchase": "2025-09-01T12:05:55.901Z",
            "created_at": "2025-09-01T12:05:55.901Z",
            "subtotal_price": 400.0,
            "total_price": 400.0,
            "has_coupon": false,
            "coupon": null
        }
    },
    {
        "model": "sales.purchase",
        "pk": 22,
        "fields": {
            "branch": 1,
            "customer": 1,
            "status": "completed",
            "date_of_purchase": "2025-09-01T15:15:11.234Z",
            "created_at": "2025-09-01T15:15:11.234Z",
            "subtotal_price": 1000.0,
            "total_price": 1000.0,
            "has_coupon": false,
            "coupon": null
        }
    },
    {
        "model": "sales.purchase",
        "pk": 23,
        "fields": {
            "branch": 1,
            "customer": 1,
            "status": "completed",
            "date_of_purchase": "2025-09-02T10:25:22.567Z",
            "created_at": "2025-09-02T10:25:22.567Z",
            "subtotal_price": 1500.0,
            "total_price": 1500.0,
            "has_coupon": false,
            "coupon": null
        }
    },
    {
        "model": "sales.purchase",
        "pk": 24,
        "fields": {
            "branch": 1,
            "customer": 1,
            "status": "completed",
            "date_of_purchase": "2025-09-02T14:35:33.890Z",
            "created_at": "2025-09-02T14:35:33.890Z",
            "subtotal_price": 3000.0,
            "total_price": 3000.0,
            "has_coupon": false,
            "coupon": null
        }
    },
    {
        "model": "sales.purchase",
        "pk": 25,
        "fields": {
            "branch": 1,
            "customer": 1,
            "status": "completed",
            "date_of_purchase": "2025-09-03T11:45:44.123Z",
            "created_at": "2025-09-03T11:45:44.123Z",
            "subtotal_price": 202.0,
            "total_price": 202.0,
            "has_coupon": false,
            "coupon": null
        }
    },
    {
        "model": "sales.purchased_products",
        "pk": 17,
        "fields": {
            "purchase": 12,
            "product": 1,
            "wholesale_price": 100.0,
            "selling_price": 101.0,
            "total_price": 303.0,
            "has_discount": false,
            "discount": null,
            "quantity": 3
        }
    },
    {
        "model": "sales.purchased_products",
        "pk": 18,
        "fields": {
            "purchase": 13,
            "product": 3,
            "wholesale_price": 1200.0,
            "selling_price": 1500.0,
            "total_price": 1500.0,
            "has_discount": false,
            "discount": null,
            "quantity": 1
        }
    },
    {
        "model": "sales.purchased_products",
        "pk": 19,
        "fields": {
            "purchase": 13,
            "product": 7,
            "wholesale_price": 300.0,
            "selling_price": 400.0,
            "total_price": 400.0,
            "has_discount": false,
            "discount": null,
            "quantity": 1
        }
    },
    {
        "model": "sales.purchased_products",
        "pk": 20,
        "fields": {
            "purchase": 14,
            "product": 5,
            "wholesale_price": 800.0,
            "selling_price": 950.0,
            "total_price": 950.0,
            "has_discount": false,
            "discount": null,
            "quantity": 1
        }
    },
    {
        "model": "sales.purchased_products",
        "pk": 21,
        "fields": {
            "purchase": 15,
            "product": 6,
            "wholesale_price": 500.0,
            "selling_price": 600.0,
            "total_price": 600.0,
            "has_discount": false,
            "discount": null,
            "quantity": 1
        }
    },
    {
        "model": "sales.purchased_products",
        "pk": 22,
        "fields": {
            "purchase": 16,
            "product": 8,
            "wholesale_price": 1000.0,
            "selling_price": 1200.0,
            "total_price": 1200.0,
            "has_discount": false,
            "discount": null,
            "quantity": 1
        }
    },
    {
        "model": "sales.purchased_products",
        "pk": 23,
        "fields": {
            "purchase": 17,
            "product": 4,
            "wholesale_price": 2500.0,
            "selling_price": 3000.0,
            "total_price": 3000.0,
            "has_discount": false,
            "discount": null,
            "quantity": 1
        }
    },
    {
        "model": "sales.purchased_products",
        "pk": 24,
        "fields": {
            "purchase": 17,
            "product": 1,
            "wholesale_price": 100.0,
            "selling_price": 101.0,
            "total_price": 101.0,
            "has_discount": false,
            "discount": null,
            "quantity": 1
        }
    },
    {
        "model": "sales.purchased_products",
        "pk": 25,
        "fields": {
            "purchase": 18,
            "product": 1,
            "wholesale_price": 100.0,
            "selling_price": 101.0,
            "total_price": 101.0,
            "has_discount": false,
            "discount": null,
            "quantity": 1
        }
    },
    {
        "model": "sales.purchased_products",
        "pk": 26,
        "fields": {
            "purchase": 19,
            "product": 5,
            "wholesale_price": 600.0,
            "selling_price": 750.0,
            "total_price": 750.0,
            "has_discount": false,
            "discount": null,
            "quantity": 1
        }
    },
    {
        "model": "sales.purchased_products",
        "pk": 27,
        "fields": {
            "purchase": 20,
            "product": 6,
            "wholesale_price": 400.0,
            "selling_price": 500.0,
            "total_price": 500.0,
            "has_discount": false,
            "discount": null,
            "quantity": 1
        }
    },
    {
        "model": "sales.purchased_products",
        "pk": 28,
        "fields": {
            "purchase": 21,
            "product": 7,
            "wholesale_price": 300.0,
            "selling_price": 400.0,
            "total_price": 400.0,
            "has_discount": false,
            "discount": null,
            "quantity": 1
        }
    },
    {
        "model": "sales.purchased_products",
        "pk": 29,
        "fields": {
            "purchase": 22,
            "product": 8,
            "wholesale_price": 800.0,
            "selling_price": 1000.0,
            "total_price": 1000.0,
            "has_discount": false,
            "discount": null,
            "quantity": 1
        }
    },
    {
        "model": "sales.purchased_products",
        "pk": 30,
        "fields": {
            "purchase": 23,
            "product": 3,
            "wholesale_price": 1200.0,
            "selling_price": 1500.0,
            "total_price": 1500.0,
            "has_discount": false,
            "discount": null,
            "quantity": 1
        }
    },
    {
        "model": "sales.purchased_products",
        "pk": 31,
        "fields": {
            "purchase": 24,
            "product": 4,
            "wholesale_price": 2500.0,
            "selling_price": 3000.0,
            "total_price": 3000.0,
            "has_discount": false,
            "discount": null,
            "quantity": 1
        }
    },
    {
        "model": "sales.purchased_products",
        "pk": 32,
        "fields": {
            "purchase": 25,
            "product": 1,
            "wholesale_price": 100.0,
            "selling_price": 101.0,
            "total_price": 202.0,
            "has_discount": false,
            "discount": null,
            "quantity": 2
        }
    },
    {
        "model": "sales.purchased_products",
        "pk": 37,
        "fields": {
            "purchase": 12,
            "product": 7,
            "wholesale_price": 300.0,
            "selling_price": 400.0,
            "total_price": 400.0,
            "has_discount": false,
            "discount": null,
            "quantity": 1
        }
    },
    {
        "model": "sales.purchased_products",
        "pk": 38,
        "fields": {
            "purchase": 13,
            "product": 1,
            "wholesale_price": 100.0,
            "selling_price": 101.0,
            "total_price": 101.0,
            "has_discount": false,
            "discount": null,
            "quantity": 1
        }
    },
    {
        "model": "sales.purchased_products",
        "pk": 39,
        "fields": {
            "purchase": 14,
            "product": 7,
            "wholesale_price": 300.0,
            "selling_price": 400.0,
            "total_price": 400.0,
            "has_discount": false,
            "discount": null,
            "quantity": 1
        }
    },
    {
        "model": "sales.purchased_products",
        "pk": 40,
        "fields": {
            "purchase": 15,
            "product": 1,
            "wholesale_price": 100.0,
            "selling_price": 101.0,
            "total_price": 101.0,
            "has_discount": false,
            "discount": null,
            "quantity": 1
        }
    },
    {
        "model": "sales.purchased_products",
        "pk": 41,
        "fields": {
            "purchase": 16,
            "product": 1,
            "wholesale_price": 100.0,
            "selling_price": 101.0,
            "total_price": 101.0,
            "has_discount": false,
            "discount": null,
            "quantity": 1
        }
    },
    {
        "model": "sales.purchased_products",
        "pk": 42,
        "fields": {
            "purchase": 17,
            "product": 7,
            "wholesale_price": 300.0,
            "selling_price": 400.0,
            "total_price": 400.0,
            "has_discount": false,
            "discount": null,
            "quantity": 1
        }
    },
    {
        "model": "sales.purchased_products",
        "pk": 43,
        "fields": {
            "purchase": 18,
            "product": 7,
            "wholesale_price": 300.0,
            "selling_price": 400.0,
            "total_price": 400.0,
            "has_discount": false,
            "discount": null,
            "quantity": 1
        }
    },
    {
        "model": "sales.purchased_products",
        "pk": 44,
        "fields": {
            "purchase": 19,
            "product": 1,
            "wholesale_price": 100.0,
            "selling_price": 101.0,
            "total_price": 101.0,
            "has_discount": false,
            "discount": null,
            "quantity": 1
        }
    },
    {
        "model": "sales.purchased_products",
        "pk": 45,
        "fields": {
            "purchase": 20,
            "product": 7,
            "wholesale_price": 300.0,
            "selling_price": 400.0,
            "total_price": 400.0,
            "has_discount": false,
            "discount": null,
            "quantity": 1
        }
    },
    {
        "model": "sales.purchased_products",
        "pk": 46,
        "fields": {
            "purchase": 21,
            "product": 1,
            "wholesale_price": 100.0,
            "selling_price": 101.0,
            "total_price": 101.0,
            "has_discount": false,
            "discount": null,
            "quantity": 1
        }
    },
    {
        "model": "sales.purchased_products",
        "pk": 47,
        "fields": {
            "purchase": 22,
            "product": 1,
            "wholesale_price": 100.0,
            "selling_price": 101.0,
            "total_price": 101.0,
            "has_discount": false,
            "discount": null,
            "quantity": 1
        }
    },
    {
        "model": "sales.purchased_products",
        "pk": 48,
        "fields": {
            "purchase": 23,
            "product": 7,
            "wholesale_price": 300.0,
            "selling_price": 400.0,
            "total_price": 400.0,
            "has_discount": false,
            "discount": null,
            "quantity": 1
        }
    },
    {
        "model": "sales.purchased_products",
        "pk": 49,
        "fields": {
            "purchase": 24,
            "product": 1,
            "wholesale_price": 100.0,
            "selling_price": 101.0,
            "total_price": 101.0,
            "has_discount": false,
            "discount": null,
            "quantity": 1
        }
    },
    {
        "model": "sales.purchased_products",
        "pk": 50,
        "fields": {
            "purchase": 25,
            "product": 7,
            "wholesale_price": 300.0,
            "selling_price": 400.0,
            "total_price": 400.0,
            "has_discount": false,
            "discount": null,
            "quantity": 1
        }
    }
]